{"type":"FeatureCollection","query":"[out:json][timeout:180];\n(\n  nwr[\"historic\"](28.4,76.84,28.88,77.35);\n  nwr[\"heritage\"](28.4,76.84,28.88,77.35);\n  nwr[\"tourism\"=\"attraction\"](28.4,76.84,28.88,77.35);\n);\nout center tags;","source":"OpenStreetMap contributors, via the Overpass API. ODbL.","pulledAt":"2026-08-20","features":[{"type":"Feature","id":"n249221479","geometry":{"type":"Point","coordinates":[77.0658862,28.4623384]},"properties":{"name":"South City - I Gate","historic":null,"heritage":null,"tourism":"attraction"}},{"type":"Feature","id":"n266809614","geometry":{"type":"Point","coordinates":[77.1916453,28.6100877]},"properties":{"name":"Dandi March Statue (11 Murthi)","historic":"monument","heritage":null,"tourism":"attraction"}},{"type":"Feature","id":"n308887236","geometry":{"type":"Point","coordinates":[77.198888,28.6047117]},"properties":{"name":"Teen Murti Haifa War Memorial","historic":"memorial","heritage":null,"tourism":"attraction"}},{"type":"Feature","id":"n438033023","geometry":{"type":"Point","coordinates":[77.0682208,28.4771721]},"properties":{"name":"IFFCO Chowk","historic":null,"heritage":null,"tourism":"attraction"}},{"type":"Feature","id":"n566200829","geometry":{"type":"Point","coordinates":[77.2528353,28.6396119]},"properties":{"name":"Kisan Ghat","historic":"memorial","heritage":null,"tourism":null}},{"type":"Feature","id":"n938523891","geometry":{"type":"Point","coordinates":[77.2423117,28.6557818]},"properties":{"name":"Diwan-e-Aam","historic":null,"heritage":null,"tourism":"attraction"}},{"type":"Feature","id":"n1024317412","geometry":{"type":"Point","coordinates":[77.2058178,28.5406867]},"properties":{"name":"Octagonal observation post","historic":"archaeological_site","heritage":null,"tourism":null}},{"type":"Feature","id":"n1024317426","geometry":{"type":"Point","coordinates":[77.2061002,28.5406262]},"properties":{"name":"Bijaymandal Hall Ruins","historic":"archaeological_site","heritage":null,"tourism":null}},{"type":"Feature","id":"n1024317438","geometry":{"type":"Point","coordinates":[77.2056042,28.5408107]},"properties":{"name":"Dome","historic":"archaeological_site","heritage":null,"tourism":null}},{"type":"Feature","id":"n1024901350","geometry":{"type":"Point","coordinates":[77.1917047,28.5566158]},"properties":{"name":"Munda Gumbad","historic":"monument","heritage":null,"tourism":null}},{"type":"Feature","id":"n1024907331","geometry":{"type":"Point","coordinates":[77.1936658,28.5528517]},"properties":{"name":"Unidentified Tomb","historic":"archaeological_site","heritage":null,"tourism":null}},{"type":"Feature","id":"n1024907476","geometry":{"type":"Point","coordinates":[77.193698,28.5528305]},"properties":{"name":"Unidentified Tomb","historic":"archaeological_site","heritage":null,"tourism":null}},{"type":"Feature","id":"n1038392833","geometry":{"type":"Point","coordinates":[77.1832837,28.5210119]},"properties":{"name":"Tombs","historic":"monument","heritage":null,"tourism":null}},{"type":"Feature","id":"n1038392872","geometry":{"type":"Point","coordinates":[77.1825491,28.5205192]},"properties":{"name":"Tomb","historic":"monument","heritage":null,"tourism":null}},{"type":"Feature","id":"n1038392885","geometry":{"type":"Point","coordinates":[77.1863121,28.5230419]},"properties":{"name":"Gateway Guest House (Metcalfe's Retreat)","historic":"monument","heritage":null,"tourism":null}},{"type":"Feature","id":"n1038392955","geometry":{"type":"Point","coordinates":[77.1879422,28.5187218]},"properties":{"name":"Gumti","historic":"monument","heritage":null,"tourism":null}},{"type":"Feature","id":"n1038393170","geometry":{"type":"Point","coordinates":[77.1871761,28.5198643]},"properties":{"name":"Jamali Kamali Tomb","historic":"monument","heritage":null,"tourism":null}},{"type":"Feature","id":"n1119661736","geometry":{"type":"Point","coordinates":[77.213146,28.539902]},"properties":{"name":"Lal Gumbad","historic":"archaeological_site","heritage":null,"tourism":null}},{"type":"Feature","id":"n1186823713","geometry":{"type":"Point","coordinates":[77.2637954,28.5111647]},"properties":{"name":"Vijaymandal","historic":"ruins","heritage":null,"tourism":"attraction"}},{"type":"Feature","id":"n1186823717","geometry":{"type":"Point","coordinates":[77.2635057,28.5107701]},"properties":{"name":"Secret Passage","historic":null,"heritage":null,"tourism":"attraction"}},{"type":"Feature","id":"n1186823729","geometry":{"type":"Point","coordinates":[77.2632747,28.5118397]},"properties":{"name":"Tughlakabad Mosque","historic":"archaeological_site","heritage":null,"tourism":null}},{"type":"Feature","id":"n1195165037","geometry":{"type":"Point","coordinates":[77.2430127,28.5914282]},"properties":{"name":"Mirza Ghalib's Tomb","historic":"memorial","heritage":null,"tourism":null}},{"type":"Feature","id":"n1232326552","geometry":{"type":"Point","coordinates":[77.1968202,28.7230313]},"properties":{"name":"Coronation Memorial","historic":"memorial","heritage":null,"tourism":null}},{"type":"Feature","id":"n1328248411","geometry":{"type":"Point","coordinates":[77.1800207,28.6070826]},"properties":{"name":"Moluddin Chisti's Grave","historic":"memorial","heritage":null,"tourism":null}},{"type":"Feature","id":"n1486895412","geometry":{"type":"Point","coordinates":[77.1849651,28.5247493]},"properties":{"name":"Iron Pillar","historic":"monument","heritage":null,"tourism":null}},{"type":"Feature","id":"n1709843874","geometry":{"type":"Point","coordinates":[77.123023,28.6692735]},"properties":{"name":null,"historic":"Shiv Mandir Temple","heritage":null,"tourism":null}},{"type":"Feature","id":"n1754574641","geometry":{"type":"Point","coordinates":[77.2480222,28.5880612]},"properties":{"name":"Tomb of Abdul Rahim Khan-i-Khanan","historic":"monument","heritage":null,"tourism":null}},{"type":"Feature","id":"n1754574702","geometry":{"type":"Point","coordinates":[77.2461834,28.5922299]},"properties":{"name":"Isa Khan's Tomb","historic":"archaeological_site","heritage":null,"tourism":null}},{"type":"Feature","id":"n1764309944","geometry":{"type":"Point","coordinates":[76.985632,28.6122847]},"properties":{"name":"Delhi Gate","historic":"archaeological_site","heritage":null,"tourism":null}},{"type":"Feature","id":"n1834064239","geometry":{"type":"Point","coordinates":[77.2029261,28.5555149]},"properties":{"name":"Neela Gumbad","historic":"archaeological_site","heritage":null,"tourism":null}},{"type":"Feature","id":"n2102480284","geometry":{"type":"Point","coordinates":[77.2000301,28.5396291]},"properties":{"name":"Sri Aurobindo Bust","historic":null,"heritage":null,"tourism":"attraction"}},{"type":"Feature","id":"n2295396747","geometry":{"type":"Point","coordinates":[77.2657489,28.5829372]},"properties":{"name":"Commonwealth Games Sundial","historic":"monument","heritage":null,"tourism":null}},{"type":"Feature","id":"n2323525225","geometry":{"type":"Point","coordinates":[77.2163925,28.6247721]},"properties":{"name":"Misra Yantra","historic":"monument","heritage":null,"tourism":null}},{"type":"Feature","id":"n2410177680","geometry":{"type":"Point","coordinates":[77.2408495,28.658932]},"properties":{"name":"Red Fort Baoli","historic":"water_well","heritage":null,"tourism":null}},{"type":"Feature","id":"n2702748543","geometry":{"type":"Point","coordinates":[77.2185339,28.6568411]},"properties":{"name":"Lahori Gate","historic":"archaeological_site","heritage":null,"tourism":null}},{"type":"Feature","id":"n2714430425","geometry":{"type":"Point","coordinates":[77.2342466,28.6622924]},"properties":{"name":"Telegraph Memorial","historic":"memorial","heritage":null,"tourism":"attraction"}},{"type":"Feature","id":"n2714497362","geometry":{"type":"Point","coordinates":[77.2315547,28.6454237]},"properties":{"name":"Raziya Begum's Tomb","historic":"archaeological_site","heritage":null,"tourism":null}},{"type":"Feature","id":"n2714497374","geometry":{"type":"Point","coordinates":[77.2153853,28.6461506]},"properties":{"name":"Qadam Sharief s Tomb","historic":"archaeological_site","heritage":null,"tourism":null}},{"type":"Feature","id":"n2714497389","geometry":{"type":"Point","coordinates":[77.2220342,28.6457564]},"properties":{"name":"Ghaziuddin Khan's Tomb","historic":"tomb","heritage":null,"tourism":null}},{"type":"Feature","id":"n2714555470","geometry":{"type":"Point","coordinates":[77.2153531,28.6464284]},"properties":{"name":"Kunwari Begum ka Burj","historic":"archaeological_site","heritage":null,"tourism":null}},{"type":"Feature","id":"n2715320508","geometry":{"type":"Point","coordinates":[77.2339265,28.5543739]},"properties":{"name":"Zamrudpur Tomb","historic":"archaeological_site","heritage":null,"tourism":null}},{"type":"Feature","id":"n2715322918","geometry":{"type":"Point","coordinates":[77.2346525,28.5607662]},"properties":{"name":"Langer Khan Tomb Gate","historic":"archaeological_site","heritage":null,"tourism":null}},{"type":"Feature","id":"n2715424799","geometry":{"type":"Point","coordinates":[76.9845257,28.6144792]},"properties":{"name":"Dharamshala","historic":"archaeological_site","heritage":null,"tourism":null}},{"type":"Feature","id":"n2715424803","geometry":{"type":"Point","coordinates":[76.9844721,28.6129675]},"properties":{"name":"1920 s House","historic":"archaeological_site","heritage":null,"tourism":null}},{"type":"Feature","id":"n2715424806","geometry":{"type":"Point","coordinates":[76.9844292,28.6129863]},"properties":{"name":"Gateway","historic":"archaeological_site","heritage":null,"tourism":null}},{"type":"Feature","id":"n2715424809","geometry":{"type":"Point","coordinates":[76.9854428,28.6129908]},"properties":{"name":"Jami Mosque","historic":"archaeological_site","heritage":null,"tourism":null}},{"type":"Feature","id":"n2715424836","geometry":{"type":"Point","coordinates":[76.9832007,28.6102314]},"properties":{"name":"Octagonal Well","historic":"archaeological_site","heritage":null,"tourism":null}},{"type":"Feature","id":"n2715465970","geometry":{"type":"Point","coordinates":[76.946937,28.6075467]},"properties":{"name":"Domed Chattri","historic":"archaeological_site","heritage":null,"tourism":null}},{"type":"Feature","id":"n2715465972","geometry":{"type":"Point","coordinates":[76.9413207,28.6078036]},"properties":{"name":"Dalan","historic":"archaeological_site","heritage":null,"tourism":null}},{"type":"Feature","id":"n2715465975","geometry":{"type":"Point","coordinates":[76.9462613,28.6072927]},"properties":{"name":"Ruins of Haveli","historic":"archaeological_site","heritage":null,"tourism":null}},{"type":"Feature","id":"n2715465977","geometry":{"type":"Point","coordinates":[76.9467388,28.6073821]},"properties":{"name":"Haveli","historic":"archaeological_site","heritage":null,"tourism":null}},{"type":"Feature","id":"n2715465980","geometry":{"type":"Point","coordinates":[77.0121927,28.6150749]},"properties":{"name":"श्री श्री 1008 श्री दादा राणा नाथ पीर जी मठ","historic":"archaeological_site","heritage":null,"tourism":null}},{"type":"Feature","id":"n2715465983","geometry":{"type":"Point","coordinates":[76.9469855,28.6072456]},"properties":{"name":"Samadhi of Mitr Sen","historic":"archaeological_site","heritage":null,"tourism":null}},{"type":"Feature","id":"n2715465985","geometry":{"type":"Point","coordinates":[76.9830988,28.610269]},"properties":{"name":"Mosque","historic":"archaeological_site","heritage":null,"tourism":null}},{"type":"Feature","id":"n2715609613","geometry":{"type":"Point","coordinates":[77.0572483,28.6338063]},"properties":{"name":"Chhota Qutub Minar","historic":"monument","heritage":null,"tourism":null}},{"type":"Feature","id":"n2715609618","geometry":{"type":"Point","coordinates":[77.0560871,28.6333756]},"properties":{"name":"Dalans","historic":"archaeological_site","heritage":null,"tourism":null}},{"type":"Feature","id":"n2715609623","geometry":{"type":"Point","coordinates":[77.056012,28.6332343]},"properties":{"name":"Hathi Khana","historic":"archaeological_site","heritage":null,"tourism":null}},{"type":"Feature","id":"n2722906932","geometry":{"type":"Point","coordinates":[77.2450052,28.6464247]},"properties":{"name":"Ghata Masjid","historic":"archaeological_site","heritage":null,"tourism":null}},{"type":"Feature","id":"n2804122830","geometry":{"type":"Point","coordinates":[77.2149994,28.5413853]},"properties":{"name":"Old Stable","historic":"archaeological_site","heritage":null,"tourism":null}},{"type":"Feature","id":"n2804122868","geometry":{"type":"Point","coordinates":[77.2156244,28.5408508]},"properties":{"name":null,"historic":"archaeological_site","heritage":null,"tourism":null}},{"type":"Feature","id":"n2804122879","geometry":{"type":"Point","coordinates":[77.215359,28.5413688]},"properties":{"name":null,"historic":"archaeological_site","heritage":null,"tourism":null}},{"type":"Feature","id":"n2804122882","geometry":{"type":"Point","coordinates":[77.213491,28.5414438]},"properties":{"name":null,"historic":"archaeological_site","heritage":null,"tourism":null}},{"type":"Feature","id":"n2804161212","geometry":{"type":"Point","coordinates":[77.2056535,28.5520245]},"properties":{"name":null,"historic":"archaeological_site","heritage":null,"tourism":null}},{"type":"Feature","id":"n2804161213","geometry":{"type":"Point","coordinates":[77.2021258,28.5527752]},"properties":{"name":null,"historic":"archaeological_site","heritage":null,"tourism":null}},{"type":"Feature","id":"n2804161214","geometry":{"type":"Point","coordinates":[77.2018725,28.5532274]},"properties":{"name":null,"historic":"archaeological_site","heritage":null,"tourism":null}},{"type":"Feature","id":"n2804161215","geometry":{"type":"Point","coordinates":[77.2036045,28.5534686]},"properties":{"name":null,"historic":"archaeological_site","heritage":null,"tourism":null}},{"type":"Feature","id":"n2804161216","geometry":{"type":"Point","coordinates":[77.2038045,28.553365]},"properties":{"name":null,"historic":"archaeological_site","heritage":null,"tourism":null}},{"type":"Feature","id":"n2804161217","geometry":{"type":"Point","coordinates":[77.2013171,28.5533659]},"properties":{"name":null,"historic":"archaeological_site","heritage":null,"tourism":null}},{"type":"Feature","id":"n2932773051","geometry":{"type":"Point","coordinates":[77.2291515,28.6399434]},"properties":{"name":"Dargah Hazrat Khwaja Mir Dard","historic":"cemetery","heritage":null,"tourism":null}},{"type":"Feature","id":"n2936827350","geometry":{"type":"Point","coordinates":[77.2282892,28.7117827]},"properties":{"name":"Shah Alam Tomb","historic":"archaeological_site","heritage":null,"tourism":null}},{"type":"Feature","id":"n2940449157","geometry":{"type":"Point","coordinates":[77.2107618,28.6713618]},"properties":{"name":"Ajitgarh","historic":"monument","heritage":null,"tourism":null}},{"type":"Feature","id":"n2940449158","geometry":{"type":"Point","coordinates":[77.2118819,28.6738428]},"properties":{"name":"Ashoka Pillar","historic":"monument","heritage":null,"tourism":null}},{"type":"Feature","id":"n2940614715","geometry":{"type":"Point","coordinates":[77.2279645,28.7120391]},"properties":{"name":"Embankment","historic":"archaeological_site","heritage":null,"tourism":null}},{"type":"Feature","id":"n2940614716","geometry":{"type":"Point","coordinates":[77.2280793,28.7117707]},"properties":{"name":"Mosque","historic":"archaeological_site","heritage":null,"tourism":null}},{"type":"Feature","id":"n2940614717","geometry":{"type":"Point","coordinates":[77.2132115,28.6762951]},"properties":{"name":"Pir Ghaib","historic":"archaeological_site","heritage":null,"tourism":null}},{"type":"Feature","id":"n2940614718","geometry":{"type":"Point","coordinates":[77.2281995,28.7120679]},"properties":{"name":"Wazirabad Bridge (Tughlaq Era)","historic":"archaeological_site","heritage":null,"tourism":null}},{"type":"Feature","id":"n2940758785","geometry":{"type":"Point","coordinates":[77.1976427,28.6757026]},"properties":{"name":"Shah Wajid Mosque","historic":"monument","heritage":null,"tourism":null}},{"type":"Feature","id":"n2950924615","geometry":{"type":"Point","coordinates":[77.2200835,28.5328046]},"properties":{"name":"Mazar","historic":"wayside_shrine","heritage":null,"tourism":null}},{"type":"Feature","id":"n2950924616","geometry":{"type":"Point","coordinates":[77.2206557,28.5326478]},"properties":{"name":"Samadhi","historic":"wayside_shrine","heritage":null,"tourism":null}},{"type":"Feature","id":"n2978963206","geometry":{"type":"Point","coordinates":[77.2201256,28.5730165]},"properties":{"name":"Bade Khan ka Gumbad","historic":"archaeological_site","heritage":null,"tourism":null}},{"type":"Feature","id":"n2978963207","geometry":{"type":"Point","coordinates":[77.2208496,28.5723164]},"properties":{"name":"Bhure Khan ka Gumbad","historic":"archaeological_site","heritage":null,"tourism":null}},{"type":"Feature","id":"n2978963208","geometry":{"type":"Point","coordinates":[77.2205522,28.572974]},"properties":{"name":"Chhote Khan ka Gumbad","historic":"archaeological_site","heritage":null,"tourism":null}},{"type":"Feature","id":"n2978963211","geometry":{"type":"Point","coordinates":[77.2238326,28.5737477]},"properties":{"name":"Mubarak Shah Sayyid's Tomb","historic":"archaeological_site","heritage":null,"tourism":null}},{"type":"Feature","id":"n2978963212","geometry":{"type":"Point","coordinates":[77.2229894,28.5727315]},"properties":{"name":null,"historic":"archaeological_site","heritage":null,"tourism":null}},{"type":"Feature","id":"n2978963213","geometry":{"type":"Point","coordinates":[77.2263611,28.5750795]},"properties":{"name":null,"historic":"archaeological_site","heritage":null,"tourism":null}},{"type":"Feature","id":"n2981346454","geometry":{"type":"Point","coordinates":[77.2478392,28.592771]},"properties":{"name":"Afsarwala's Mosque","historic":"archaeological_site","heritage":null,"tourism":null}},{"type":"Feature","id":"n2981346624","geometry":{"type":"Point","coordinates":[77.2164107,28.6456914]},"properties":{"name":"Graveyard","historic":"archaeological_site","heritage":null,"tourism":null}},{"type":"Feature","id":"n2981351407","geometry":{"type":"Point","coordinates":[77.2531371,28.5919006]},"properties":{"name":"Nila Gumbad","historic":"archaeological_site","heritage":null,"tourism":null}},{"type":"Feature","id":"n2981414567","geometry":{"type":"Point","coordinates":[77.1966815,28.6648762]},"properties":{"name":"Graves","historic":"archaeological_site","heritage":null,"tourism":null}},{"type":"Feature","id":"n2990876410","geometry":{"type":"Point","coordinates":[77.177619,28.5020221]},"properties":{"name":null,"historic":"memorial","heritage":null,"tourism":null}},{"type":"Feature","id":"n3109196352","geometry":{"type":"Point","coordinates":[77.206399,28.5391445]},"properties":{"name":"Begumpuri Masjid","historic":"monument","heritage":null,"tourism":null}},{"type":"Feature","id":"n3268564739","geometry":{"type":"Point","coordinates":[77.2321937,28.6559834]},"properties":{"name":"Chandni Chowk","historic":null,"heritage":null,"tourism":"attraction"}},{"type":"Feature","id":"n3268564741","geometry":{"type":"Point","coordinates":[77.2275911,28.6590122]},"properties":{"name":"Gandhi Statue","historic":"memorial","heritage":null,"tourism":null}},{"type":"Feature","id":"n4102885023","geometry":{"type":"Point","coordinates":[77.2060942,28.5409021]},"properties":{"name":"Bijay Mandal","historic":"monument","heritage":null,"tourism":null}},{"type":"Feature","id":"n4221515091","geometry":{"type":"Point","coordinates":[77.1268893,28.6471358]},"properties":{"name":"Mystery Rooms","historic":null,"heritage":null,"tourism":"attraction"}},{"type":"Feature","id":"n4474634990","geometry":{"type":"Point","coordinates":[77.124289,28.6888654]},"properties":{"name":"192","historic":null,"heritage":null,"tourism":"attraction"}},{"type":"Feature","id":"n4474635189","geometry":{"type":"Point","coordinates":[77.1219819,28.6881811]},"properties":{"name":"Venus Apartments","historic":null,"heritage":null,"tourism":"attraction"}},{"type":"Feature","id":"n4474635190","geometry":{"type":"Point","coordinates":[77.1237277,28.6884197]},"properties":{"name":"Neelamber Apartments","historic":null,"heritage":null,"tourism":"attraction"}},{"type":"Feature","id":"n4474635289","geometry":{"type":"Point","coordinates":[77.1248167,28.6876612]},"properties":{"name":"Jhang Bhavan","historic":null,"heritage":null,"tourism":"attraction"}},{"type":"Feature","id":"n4475127991","geometry":{"type":"Point","coordinates":[77.1244173,28.688866]},"properties":{"name":"191","historic":null,"heritage":null,"tourism":"attraction"}},{"type":"Feature","id":"n4475151296","geometry":{"type":"Point","coordinates":[77.122729,28.6882804]},"properties":{"name":"Venus apartments entry","historic":null,"heritage":null,"tourism":"attraction"}},{"type":"Feature","id":"n4475201989","geometry":{"type":"Point","coordinates":[77.1240538,28.6887527]},"properties":{"name":"188","historic":null,"heritage":null,"tourism":"attraction"}},{"type":"Feature","id":"n4483488389","geometry":{"type":"Point","coordinates":[77.1968551,28.5464098]},"properties":{"name":"Suderahan Properties","historic":null,"heritage":null,"tourism":"attraction"}},{"type":"Feature","id":"n4483606891","geometry":{"type":"Point","coordinates":[77.2168422,28.5274792]},"properties":{"name":"Store 99","historic":null,"heritage":null,"tourism":"attraction"}},{"type":"Feature","id":"n4483893390","geometry":{"type":"Point","coordinates":[77.1167019,28.6914841]},"properties":{"name":"Kasturba Apartments","historic":null,"heritage":null,"tourism":"attraction"}},{"type":"Feature","id":"n4483906289","geometry":{"type":"Point","coordinates":[77.1169313,28.6913316]},"properties":{"name":"Bannu Enclave","historic":null,"heritage":null,"tourism":"attraction"}},{"type":"Feature","id":"n4690608489","geometry":{"type":"Point","coordinates":[77.2784654,28.6118511]},"properties":{"name":"Water Show","historic":null,"heritage":null,"tourism":"attraction"}},{"type":"Feature","id":"n4794650067","geometry":{"type":"Point","coordinates":[77.068123,28.4702492]},"properties":{"name":null,"historic":"memorial","heritage":null,"tourism":null}},{"type":"Feature","id":"n4984199234","geometry":{"type":"Point","coordinates":[77.199464,28.6748175]},"properties":{"name":"Gazebo by the Hillock","historic":"castle","heritage":null,"tourism":null}},{"type":"Feature","id":"n5060224921","geometry":{"type":"Point","coordinates":[77.2403488,28.6442596]},"properties":{"name":null,"historic":"monument","heritage":null,"tourism":null}},{"type":"Feature","id":"n5205802423","geometry":{"type":"Point","coordinates":[77.1785585,28.5143722]},"properties":{"name":"Jahaz Mahal","historic":"monument","heritage":null,"tourism":null}},{"type":"Feature","id":"n5350937424","geometry":{"type":"Point","coordinates":[77.0891919,28.4962947]},"properties":{"name":"DLF Cyber Hub","historic":null,"heritage":null,"tourism":"attraction"}},{"type":"Feature","id":"n5382631623","geometry":{"type":"Point","coordinates":[77.2198055,28.5411267]},"properties":{"name":"Statue of B. R.  Ambedkar","historic":"memorial","heritage":null,"tourism":null}},{"type":"Feature","id":"n5389381021","geometry":{"type":"Point","coordinates":[77.2122445,28.6472077]},"properties":{"name":"Snooker tashi","historic":null,"heritage":null,"tourism":"attraction"}},{"type":"Feature","id":"n5433165621","geometry":{"type":"Point","coordinates":[77.2976763,28.6605944]},"properties":{"name":"Radha Palace","historic":null,"heritage":null,"tourism":"attraction"}},{"type":"Feature","id":"n5599650320","geometry":{"type":"Point","coordinates":[77.2337005,28.5542732]},"properties":{"name":null,"historic":"monument","heritage":null,"tourism":null}},{"type":"Feature","id":"n5649286023","geometry":{"type":"Point","coordinates":[77.2149815,28.6421782]},"properties":{"name":"Salaam Balaak Trust","historic":null,"heritage":null,"tourism":"attraction"}},{"type":"Feature","id":"n5839835585","geometry":{"type":"Point","coordinates":[77.23605,28.6508129]},"properties":{"name":"goats market","historic":null,"heritage":null,"tourism":"attraction"}},{"type":"Feature","id":"n5839943689","geometry":{"type":"Point","coordinates":[77.2188502,28.6085406]},"properties":{"name":"Lal Bahadur Shastri Memorial","historic":"memorial","heritage":null,"tourism":null}},{"type":"Feature","id":"n5841372887","geometry":{"type":"Point","coordinates":[77.2406835,28.6288361]},"properties":{"name":"भारतीय राष्ट्रीय विज्ञान अकादमी","historic":null,"heritage":null,"tourism":"attraction"}},{"type":"Feature","id":"n5960818509","geometry":{"type":"Point","coordinates":[77.2190241,28.5336704]},"properties":{"name":"Sheikh Yusuf Katl ka Makbara","historic":"tomb","heritage":null,"tourism":null}},{"type":"Feature","id":"n6153087587","geometry":{"type":"Point","coordinates":[77.1903179,28.5205656]},"properties":{"name":"Ahinsa Sthal","historic":"memorial","heritage":null,"tourism":null}},{"type":"Feature","id":"n6262528243","geometry":{"type":"Point","coordinates":[77.1742795,28.5722347]},"properties":{"name":null,"historic":"memorial","heritage":null,"tourism":null}},{"type":"Feature","id":"n6303362387","geometry":{"type":"Point","coordinates":[77.3243679,28.4191486]},"properties":{"name":"Saini Chowk","historic":null,"heritage":null,"tourism":"attraction"}},{"type":"Feature","id":"n6303363086","geometry":{"type":"Point","coordinates":[77.3254089,28.4198748]},"properties":{"name":"Balmiki Park","historic":null,"heritage":null,"tourism":"attraction"}},{"type":"Feature","id":"n6303363285","geometry":{"type":"Point","coordinates":[77.3268451,28.421765]},"properties":{"name":"Chungi Local Market","historic":null,"heritage":null,"tourism":"attraction"}},{"type":"Feature","id":"n6383501086","geometry":{"type":"Point","coordinates":[77.2246983,28.5521464]},"properties":{"name":"Siri Fort","historic":"castle","heritage":null,"tourism":null}},{"type":"Feature","id":"n6504637486","geometry":{"type":"Point","coordinates":[77.0916729,28.4162901]},"properties":{"name":"Casa Picasso Statue","historic":null,"heritage":null,"tourism":"attraction"}},{"type":"Feature","id":"n6504637490","geometry":{"type":"Point","coordinates":[77.0918101,28.4157118]},"properties":{"name":"Rose Garden","historic":null,"heritage":null,"tourism":"attraction"}},{"type":"Feature","id":"n6512337586","geometry":{"type":"Point","coordinates":[77.2176667,28.6427187]},"properties":{"name":null,"historic":null,"heritage":null,"tourism":"attraction"}},{"type":"Feature","id":"n6633282287","geometry":{"type":"Point","coordinates":[77.2085071,28.6538047]},"properties":{"name":"빨래","historic":null,"heritage":null,"tourism":"attraction"}},{"type":"Feature","id":"n6794993737","geometry":{"type":"Point","coordinates":[77.2520105,28.5483543]},"properties":{"name":"Nehru Enclave Clothes Market","historic":null,"heritage":null,"tourism":"attraction"}},{"type":"Feature","id":"n6796761498","geometry":{"type":"Point","coordinates":[77.2293612,28.6065176]},"properties":{"name":"Pandara Market","historic":null,"heritage":null,"tourism":"attraction"}},{"type":"Feature","id":"n6799103996","geometry":{"type":"Point","coordinates":[77.2294836,28.6576364]},"properties":{"name":"Cannon","historic":null,"heritage":null,"tourism":"attraction"}},{"type":"Feature","id":"n6831699685","geometry":{"type":"Point","coordinates":[77.2963133,28.5890599]},"properties":{"name":"Chilla Khadar birding spot entry point","historic":null,"heritage":null,"tourism":"attraction"}},{"type":"Feature","id":"n7040083886","geometry":{"type":"Point","coordinates":[77.25254,28.5933085]},"properties":{"name":"East Pavilion","historic":null,"heritage":null,"tourism":"attraction"}},{"type":"Feature","id":"n7040315187","geometry":{"type":"Point","coordinates":[77.1975712,28.5566024]},"properties":{"name":"Bagh I Alam Ka Gumbad","historic":null,"heritage":null,"tourism":"attraction"}},{"type":"Feature","id":"n7040366285","geometry":{"type":"Point","coordinates":[77.2454237,28.6024564]},"properties":{"name":"Kos Minar","historic":"milestone","heritage":null,"tourism":null}},{"type":"Feature","id":"n7040389985","geometry":{"type":"Point","coordinates":[77.2793024,28.5022579]},"properties":{"name":"Nai Ka Kot","historic":null,"heritage":null,"tourism":"attraction"}},{"type":"Feature","id":"n7040397189","geometry":{"type":"Point","coordinates":[77.2422106,28.5915395]},"properties":{"name":"Ataga Khan's Tomb","historic":"archaeological_site","heritage":null,"tourism":null}},{"type":"Feature","id":"n7043400785","geometry":{"type":"Point","coordinates":[77.2395554,28.6074934]},"properties":{"name":"Khair-U’l-Manazil Masjid","historic":null,"heritage":null,"tourism":"attraction"}},{"type":"Feature","id":"n7354979776","geometry":{"type":"Point","coordinates":[77.2566469,28.5585361]},"properties":{"name":"Ashok Edict","historic":"stone","heritage":null,"tourism":null}},{"type":"Feature","id":"n7366374163","geometry":{"type":"Point","coordinates":[77.2346825,28.586195]},"properties":{"name":null,"historic":"archaeological_site","heritage":null,"tourism":null}},{"type":"Feature","id":"n7636338885","geometry":{"type":"Point","coordinates":[77.0967834,28.6221333]},"properties":{"name":"दिल्ली हाट","historic":null,"heritage":null,"tourism":"attraction"}},{"type":"Feature","id":"n7975753230","geometry":{"type":"Point","coordinates":[77.2311115,28.6164896]},"properties":{"name":null,"historic":"locomotive","heritage":null,"tourism":null}},{"type":"Feature","id":"n8858817017","geometry":{"type":"Point","coordinates":[77.0743325,28.431704]},"properties":{"name":"Queen's Residency","historic":null,"heritage":null,"tourism":"attraction"}},{"type":"Feature","id":"n9443637634","geometry":{"type":"Point","coordinates":[77.2312216,28.6150158]},"properties":{"name":"Param Yodha Sthal","historic":"monument","heritage":null,"tourism":null}},{"type":"Feature","id":"n9446621295","geometry":{"type":"Point","coordinates":[77.1941286,28.6036097]},"properties":{"name":null,"historic":"memorial","heritage":null,"tourism":null}},{"type":"Feature","id":"n9446621296","geometry":{"type":"Point","coordinates":[77.1942949,28.6036282]},"properties":{"name":null,"historic":"memorial","heritage":null,"tourism":null}},{"type":"Feature","id":"n9446621297","geometry":{"type":"Point","coordinates":[77.1944745,28.6036092]},"properties":{"name":null,"historic":"memorial","heritage":null,"tourism":null}},{"type":"Feature","id":"n9446621298","geometry":{"type":"Point","coordinates":[77.194098,28.6037115]},"properties":{"name":null,"historic":"memorial","heritage":null,"tourism":null}},{"type":"Feature","id":"n9446621299","geometry":{"type":"Point","coordinates":[77.1942762,28.6037354]},"properties":{"name":null,"historic":"memorial","heritage":null,"tourism":null}},{"type":"Feature","id":"n9446621300","geometry":{"type":"Point","coordinates":[77.1936534,28.6037809]},"properties":{"name":null,"historic":"memorial","heritage":null,"tourism":null}},{"type":"Feature","id":"n9446621301","geometry":{"type":"Point","coordinates":[77.1935578,28.603916]},"properties":{"name":null,"historic":"memorial","heritage":null,"tourism":null}},{"type":"Feature","id":"n9446621302","geometry":{"type":"Point","coordinates":[77.193779,28.6038477]},"properties":{"name":null,"historic":"memorial","heritage":null,"tourism":null}},{"type":"Feature","id":"n9446621303","geometry":{"type":"Point","coordinates":[77.1936835,28.6039611]},"properties":{"name":null,"historic":"memorial","heritage":null,"tourism":null}},{"type":"Feature","id":"n9446621304","geometry":{"type":"Point","coordinates":[77.1934016,28.6040376]},"properties":{"name":null,"historic":"memorial","heritage":null,"tourism":null}},{"type":"Feature","id":"n9446654596","geometry":{"type":"Point","coordinates":[77.19399,28.6036663]},"properties":{"name":"Wall of Valour","historic":"memorial","heritage":null,"tourism":null}},{"type":"Feature","id":"n10047612518","geometry":{"type":"Point","coordinates":[77.1849989,28.5428668]},"properties":{"name":"Katwaria Sarai Gumbad","historic":"archaeological_site","heritage":null,"tourism":null}},{"type":"Feature","id":"n10178890617","geometry":{"type":"Point","coordinates":[77.2228983,28.6473675]},"properties":{"name":null,"historic":null,"heritage":null,"tourism":"attraction"}},{"type":"Feature","id":"n10178890717","geometry":{"type":"Point","coordinates":[77.22205,28.6485821]},"properties":{"name":"Red lights district of Deli","historic":null,"heritage":null,"tourism":"attraction"}},{"type":"Feature","id":"n10213937883","geometry":{"type":"Point","coordinates":[77.2303998,28.6466027]},"properties":{"name":"Raziya Sultana's tomn","historic":"tomb","heritage":null,"tourism":null}},{"type":"Feature","id":"n10246030798","geometry":{"type":"Point","coordinates":[77.2346437,28.6142806]},"properties":{"name":null,"historic":"ship","heritage":null,"tourism":null}},{"type":"Feature","id":"n10250147522","geometry":{"type":"Point","coordinates":[77.2256905,28.654416]},"properties":{"name":"Mirza Ghalib Ki Haveli","historic":"heritage","heritage":null,"tourism":null}},{"type":"Feature","id":"n10262550101","geometry":{"type":"Point","coordinates":[77.2384634,28.6562499]},"properties":{"name":null,"historic":"cannon","heritage":null,"tourism":null}},{"type":"Feature","id":"n10262580128","geometry":{"type":"Point","coordinates":[77.2401402,28.6561624]},"properties":{"name":"Red fort center","historic":null,"heritage":null,"tourism":"attraction"}},{"type":"Feature","id":"n10262585182","geometry":{"type":"Point","coordinates":[77.2384081,28.6562534]},"properties":{"name":null,"historic":"cannon","heritage":null,"tourism":null}},{"type":"Feature","id":"n10270699257","geometry":{"type":"Point","coordinates":[77.2526708,28.5887462]},"properties":{"name":null,"historic":"wayside_shrine","heritage":null,"tourism":null}},{"type":"Feature","id":"n10278723609","geometry":{"type":"Point","coordinates":[77.2108438,28.643203]},"properties":{"name":"Albero nel muro","historic":null,"heritage":null,"tourism":"attraction"}},{"type":"Feature","id":"n10736261414","geometry":{"type":"Point","coordinates":[77.1925239,28.5848791]},"properties":{"name":null,"historic":"aircraft","heritage":null,"tourism":null}},{"type":"Feature","id":"n10736752806","geometry":{"type":"Point","coordinates":[77.166815,28.7216816]},"properties":{"name":"Chatrapati Shiva ji","historic":"memorial","heritage":null,"tourism":null}},{"type":"Feature","id":"n10764097374","geometry":{"type":"Point","coordinates":[77.3175475,28.5597295]},"properties":{"name":null,"historic":"monument","heritage":null,"tourism":null}},{"type":"Feature","id":"n10803109780","geometry":{"type":"Point","coordinates":[77.2930918,28.5464024]},"properties":{"name":"Tushar Chauhan Jasola","historic":null,"heritage":null,"tourism":"attraction"}},{"type":"Feature","id":"n10823999060","geometry":{"type":"Point","coordinates":[77.2213286,28.5840648]},"properties":{"name":"Lodhi Art District","historic":null,"heritage":null,"tourism":"attraction"}},{"type":"Feature","id":"n10867382806","geometry":{"type":"Point","coordinates":[77.2407416,28.6604215]},"properties":{"name":"Kashmiri Gate","historic":"city_gate","heritage":null,"tourism":null}},{"type":"Feature","id":"n10867382906","geometry":{"type":"Point","coordinates":[77.2408673,28.6590173]},"properties":{"name":"Baoli (step well)","historic":null,"heritage":null,"tourism":"attraction"}},{"type":"Feature","id":"n10872788112","geometry":{"type":"Point","coordinates":[77.2446214,28.5985096]},"properties":{"name":"Azim Bagh","historic":null,"heritage":null,"tourism":"attraction"}},{"type":"Feature","id":"n10872788113","geometry":{"type":"Point","coordinates":[77.2477179,28.5973616]},"properties":{"name":"Mughal pavillion","historic":null,"heritage":null,"tourism":"attraction"}},{"type":"Feature","id":"n10872790207","geometry":{"type":"Point","coordinates":[77.243922,28.5979434]},"properties":{"name":"Lakkarwala Burj","historic":null,"heritage":null,"tourism":"attraction"}},{"type":"Feature","id":"n10872790305","geometry":{"type":"Point","coordinates":[77.2473602,28.5973357]},"properties":{"name":"Decorative colorful wood carving","historic":null,"heritage":null,"tourism":"attraction"}},{"type":"Feature","id":"n10872790306","geometry":{"type":"Point","coordinates":[77.2465974,28.5979651]},"properties":{"name":"Mughal arched structure","historic":null,"heritage":null,"tourism":"attraction"}},{"type":"Feature","id":"n10872790405","geometry":{"type":"Point","coordinates":[77.2477512,28.5979899]},"properties":{"name":"Two old stone tombs each with multiple headstones","historic":null,"heritage":null,"tourism":"attraction"}},{"type":"Feature","id":"n10873301706","geometry":{"type":"Point","coordinates":[77.1877559,28.5244706]},"properties":{"name":"Spiral building","historic":null,"heritage":null,"tourism":"attraction"}},{"type":"Feature","id":"n10873301707","geometry":{"type":"Point","coordinates":[77.1863754,28.5223909]},"properties":{"name":"Rotunda","historic":null,"heritage":null,"tourism":"attraction"}},{"type":"Feature","id":"n10873308805","geometry":{"type":"Point","coordinates":[77.187069,28.5248326]},"properties":{"name":"Step pyramid","historic":null,"heritage":null,"tourism":"attraction"}},{"type":"Feature","id":"n10873416506","geometry":{"type":"Point","coordinates":[77.186387,28.5183221]},"properties":{"name":"Lodi gate, wall","historic":null,"heritage":null,"tourism":"attraction"}},{"type":"Feature","id":"n10873417005","geometry":{"type":"Point","coordinates":[77.1843775,28.5189199]},"properties":{"name":"Lodi era tombs","historic":null,"heritage":null,"tourism":"attraction"}},{"type":"Feature","id":"n10873417105","geometry":{"type":"Point","coordinates":[77.1863,28.5187402]},"properties":{"name":"Ancient horse stable","historic":null,"heritage":null,"tourism":"attraction"}},{"type":"Feature","id":"n10931502531","geometry":{"type":"Point","coordinates":[77.162693,28.7221882]},"properties":{"name":"Baba Mast Malang Didar Ali","historic":"wayside_shrine","heritage":null,"tourism":null}},{"type":"Feature","id":"n10936724442","geometry":{"type":"Point","coordinates":[77.1770578,28.7215003]},"properties":{"name":null,"historic":"wayside_shrine","heritage":null,"tourism":null}},{"type":"Feature","id":"n10949022874","geometry":{"type":"Point","coordinates":[77.0397627,28.6096598]},"properties":{"name":"Ashfaq Ullah Khan","historic":"memorial","heritage":null,"tourism":null}},{"type":"Feature","id":"n10994188460","geometry":{"type":"Point","coordinates":[77.1604207,28.7482271]},"properties":{"name":null,"historic":"wayside_shrine","heritage":null,"tourism":null}},{"type":"Feature","id":"n10995243778","geometry":{"type":"Point","coordinates":[77.2230493,28.5932076]},"properties":{"name":null,"historic":"memorial","heritage":null,"tourism":null}},{"type":"Feature","id":"n11007213869","geometry":{"type":"Point","coordinates":[77.209002,28.6178986]},"properties":{"name":"Mahatma Gandhi","historic":"memorial","heritage":null,"tourism":null}},{"type":"Feature","id":"n11010620367","geometry":{"type":"Point","coordinates":[77.0940231,28.5544852]},"properties":{"name":null,"historic":"aircraft","heritage":null,"tourism":null}},{"type":"Feature","id":"n11010620855","geometry":{"type":"Point","coordinates":[77.1457837,28.5796581]},"properties":{"name":null,"historic":"aircraft","heritage":null,"tourism":null}},{"type":"Feature","id":"n11010628962","geometry":{"type":"Point","coordinates":[77.1457591,28.5795051]},"properties":{"name":null,"historic":"aircraft","heritage":null,"tourism":null}},{"type":"Feature","id":"n11019625005","geometry":{"type":"Point","coordinates":[77.1180606,28.4400568]},"properties":{"name":null,"historic":null,"heritage":null,"tourism":"attraction"}},{"type":"Feature","id":"n11025873564","geometry":{"type":"Point","coordinates":[77.1765911,28.7585734]},"properties":{"name":null,"historic":"wayside_shrine","heritage":null,"tourism":null}},{"type":"Feature","id":"n11047972992","geometry":{"type":"Point","coordinates":[77.1773055,28.7496805]},"properties":{"name":null,"historic":"wayside_shrine","heritage":null,"tourism":null}},{"type":"Feature","id":"n11416300515","geometry":{"type":"Point","coordinates":[77.2116725,28.6111542]},"properties":{"name":null,"historic":"aircraft","heritage":null,"tourism":null}},{"type":"Feature","id":"n11416338694","geometry":{"type":"Point","coordinates":[77.2115533,28.6111043]},"properties":{"name":null,"historic":"aircraft","heritage":null,"tourism":null}},{"type":"Feature","id":"n11677483009","geometry":{"type":"Point","coordinates":[77.2216847,28.5319115]},"properties":{"name":null,"historic":"tomb","heritage":null,"tourism":null}},{"type":"Feature","id":"n11684986917","geometry":{"type":"Point","coordinates":[77.2453544,28.6357803]},"properties":{"name":"Delhi-Topra Pillar","historic":null,"heritage":null,"tourism":"attraction"}},{"type":"Feature","id":"n11816141464","geometry":{"type":"Point","coordinates":[77.2340057,28.608432]},"properties":{"name":null,"historic":"aircraft","heritage":null,"tourism":null}},{"type":"Feature","id":"n11816164804","geometry":{"type":"Point","coordinates":[77.234449,28.6076575]},"properties":{"name":null,"historic":"aircraft","heritage":null,"tourism":null}},{"type":"Feature","id":"n11878500420","geometry":{"type":"Point","coordinates":[77.1520542,28.5956714]},"properties":{"name":null,"historic":null,"heritage":null,"tourism":"attraction"}},{"type":"Feature","id":"n11920861769","geometry":{"type":"Point","coordinates":[77.2066688,28.627901]},"properties":{"name":"Pope John-Paul II.","historic":"memorial","heritage":null,"tourism":null}},{"type":"Feature","id":"n11985043685","geometry":{"type":"Point","coordinates":[77.1812236,28.5853537]},"properties":{"name":"Steam Locomotive MTR-2","historic":"locomotive","heritage":null,"tourism":null}},{"type":"Feature","id":"n11985043692","geometry":{"type":"Point","coordinates":[77.1800219,28.5859219]},"properties":{"name":"John Morris Fire engine 1914","historic":"vehicle","heritage":null,"tourism":null}},{"type":"Feature","id":"n12030680994","geometry":{"type":"Point","coordinates":[77.1951857,28.5774117]},"properties":{"name":"2005 Delhi Bomb Blasts","historic":"memorial","heritage":null,"tourism":null}},{"type":"Feature","id":"n12049073251","geometry":{"type":"Point","coordinates":[77.1919359,28.6459648]},"properties":{"name":null,"historic":"memorial","heritage":null,"tourism":null}},{"type":"Feature","id":"n12127692320","geometry":{"type":"Point","coordinates":[77.171323,28.5960063]},"properties":{"name":null,"historic":"cannon","heritage":null,"tourism":null}},{"type":"Feature","id":"n12127696750","geometry":{"type":"Point","coordinates":[77.1711783,28.5962451]},"properties":{"name":null,"historic":"cannon","heritage":null,"tourism":null}},{"type":"Feature","id":"n12147649191","geometry":{"type":"Point","coordinates":[77.2603121,28.5236905]},"properties":{"name":"TUNDELKAR NIWAS टुन्डेलकर  निवास (खटिक)","historic":"manor","heritage":null,"tourism":null}},{"type":"Feature","id":"n12189775157","geometry":{"type":"Point","coordinates":[77.1637518,28.5935588]},"properties":{"name":null,"historic":"cannon","heritage":null,"tourism":null}},{"type":"Feature","id":"n12189793403","geometry":{"type":"Point","coordinates":[77.1639381,28.593652]},"properties":{"name":null,"historic":"cannon","heritage":null,"tourism":null}},{"type":"Feature","id":"n12285034807","geometry":{"type":"Point","coordinates":[77.1832682,28.5272343]},"properties":{"name":"Anangtal","historic":"ruins","heritage":null,"tourism":null}},{"type":"Feature","id":"n12285038430","geometry":{"type":"Point","coordinates":[77.1813592,28.5276529]},"properties":{"name":"Lal Kot","historic":"castle","heritage":null,"tourism":null}},{"type":"Feature","id":"n12285047834","geometry":{"type":"Point","coordinates":[77.1874417,28.5234721]},"properties":{"name":"Chaumukha Darwaza","historic":"monument","heritage":null,"tourism":null}},{"type":"Feature","id":"n12285090581","geometry":{"type":"Point","coordinates":[77.1790045,28.5290611]},"properties":{"name":"Ranjit Gate","historic":"ruins","heritage":null,"tourism":null}},{"type":"Feature","id":"n12285090590","geometry":{"type":"Point","coordinates":[77.1809561,28.5311808]},"properties":{"name":"Tomb Of Haji Rozbith","historic":"tomb","heritage":null,"tourism":null}},{"type":"Feature","id":"n12368054746","geometry":{"type":"Point","coordinates":[77.0294316,28.618827]},"properties":{"name":"Samadhi Sthal Sri Chandra Singh Pradhan","historic":"memorial","heritage":null,"tourism":null}},{"type":"Feature","id":"n12388895871","geometry":{"type":"Point","coordinates":[77.1771935,28.615515]},"properties":{"name":null,"historic":"memorial","heritage":null,"tourism":null}},{"type":"Feature","id":"n12403375196","geometry":{"type":"Point","coordinates":[77.2520909,28.6396679]},"properties":{"name":"Sangarsh Sthala","historic":"memorial","heritage":null,"tourism":null}},{"type":"Feature","id":"n12409604217","geometry":{"type":"Point","coordinates":[77.240566,28.6166999]},"properties":{"name":"Laser Cut Steel Structure","historic":null,"heritage":null,"tourism":"attraction"}},{"type":"Feature","id":"n12409628331","geometry":{"type":"Point","coordinates":[77.2406037,28.6192692]},"properties":{"name":"Angels Wing Steel Structure","historic":null,"heritage":null,"tourism":"attraction"}},{"type":"Feature","id":"n12432724139","geometry":{"type":"Point","coordinates":[77.0229825,28.6205451]},"properties":{"name":null,"historic":"memorial","heritage":null,"tourism":null}},{"type":"Feature","id":"n12535573544","geometry":{"type":"Point","coordinates":[77.203469,28.6573158]},"properties":{"name":null,"historic":"no","heritage":null,"tourism":null}},{"type":"Feature","id":"n12592937574","geometry":{"type":"Point","coordinates":[77.2295602,28.6567747]},"properties":{"name":null,"historic":"no","heritage":null,"tourism":null}},{"type":"Feature","id":"n12638564953","geometry":{"type":"Point","coordinates":[77.0350889,28.608593]},"properties":{"name":null,"historic":"stone","heritage":null,"tourism":null}},{"type":"Feature","id":"n12696121640","geometry":{"type":"Point","coordinates":[77.2121265,28.6865878]},"properties":{"name":"Allnutt's Celtic Cross","historic":"wayside_cross","heritage":null,"tourism":null}},{"type":"Feature","id":"n12706382538","geometry":{"type":"Point","coordinates":[77.2301381,28.6580286]},"properties":{"name":"Pi-Lo Smart Water ATM","historic":"no","heritage":null,"tourism":null}},{"type":"Feature","id":"n12771984605","geometry":{"type":"Point","coordinates":[77.1262749,28.6569992]},"properties":{"name":null,"historic":"no","heritage":null,"tourism":null}},{"type":"Feature","id":"n12779104960","geometry":{"type":"Point","coordinates":[77.2055954,28.6004756]},"properties":{"name":null,"historic":"no","heritage":null,"tourism":null}},{"type":"Feature","id":"n12780123936","geometry":{"type":"Point","coordinates":[77.2062126,28.6006552]},"properties":{"name":"Indira Gandhi Assassination Point","historic":"memorial","heritage":null,"tourism":null}},{"type":"Feature","id":"n12788053432","geometry":{"type":"Point","coordinates":[77.2129361,28.5862389]},"properties":{"name":null,"historic":"no","heritage":null,"tourism":null}},{"type":"Feature","id":"n12806176744","geometry":{"type":"Point","coordinates":[77.2116057,28.6855602]},"properties":{"name":"Foundation Stone","historic":"memorial","heritage":null,"tourism":null}},{"type":"Feature","id":"n12823360946","geometry":{"type":"Point","coordinates":[77.2021326,28.5286268]},"properties":{"name":null,"historic":"no","heritage":null,"tourism":null}},{"type":"Feature","id":"n12823360952","geometry":{"type":"Point","coordinates":[77.202146,28.5286207]},"properties":{"name":null,"historic":"no","heritage":null,"tourism":null}},{"type":"Feature","id":"n12823360997","geometry":{"type":"Point","coordinates":[77.2021052,28.5286394]},"properties":{"name":null,"historic":"no","heritage":null,"tourism":null}},{"type":"Feature","id":"n12823360999","geometry":{"type":"Point","coordinates":[77.2021183,28.5286334]},"properties":{"name":null,"historic":"no","heritage":null,"tourism":null}},{"type":"Feature","id":"n12823361006","geometry":{"type":"Point","coordinates":[77.2020905,28.5286461]},"properties":{"name":null,"historic":"no","heritage":null,"tourism":null}},{"type":"Feature","id":"n12835636017","geometry":{"type":"Point","coordinates":[77.2637762,28.5392614]},"properties":{"name":null,"historic":"no","heritage":null,"tourism":null}},{"type":"Feature","id":"n12835662550","geometry":{"type":"Point","coordinates":[77.2640656,28.538849]},"properties":{"name":null,"historic":"no","heritage":null,"tourism":null}},{"type":"Feature","id":"n12839661856","geometry":{"type":"Point","coordinates":[77.2027988,28.637797]},"properties":{"name":null,"historic":"no","heritage":null,"tourism":null}},{"type":"Feature","id":"n12839662481","geometry":{"type":"Point","coordinates":[77.2025787,28.6372909]},"properties":{"name":null,"historic":"no","heritage":null,"tourism":null}},{"type":"Feature","id":"n12864117542","geometry":{"type":"Point","coordinates":[77.3032836,28.6772481]},"properties":{"name":null,"historic":"no","heritage":null,"tourism":null}},{"type":"Feature","id":"n12864923105","geometry":{"type":"Point","coordinates":[77.3059967,28.6801006]},"properties":{"name":null,"historic":"no","heritage":null,"tourism":null}},{"type":"Feature","id":"n12865040051","geometry":{"type":"Point","coordinates":[77.3032144,28.6787256]},"properties":{"name":null,"historic":"no","heritage":null,"tourism":null}},{"type":"Feature","id":"n13002215863","geometry":{"type":"Point","coordinates":[77.1672399,28.7193417]},"properties":{"name":"Badli ki Sarai","historic":"building","heritage":null,"tourism":null}},{"type":"Feature","id":"n13042461176","geometry":{"type":"Point","coordinates":[77.1191006,28.5743071]},"properties":{"name":null,"historic":"aircraft","heritage":null,"tourism":null}},{"type":"Feature","id":"n13042477232","geometry":{"type":"Point","coordinates":[77.1172004,28.573688]},"properties":{"name":null,"historic":"aircraft","heritage":null,"tourism":null}},{"type":"Feature","id":"n13042494633","geometry":{"type":"Point","coordinates":[77.1175077,28.5742213]},"properties":{"name":null,"historic":"tank","heritage":null,"tourism":null}},{"type":"Feature","id":"n13042494811","geometry":{"type":"Point","coordinates":[77.1329297,28.5835219]},"properties":{"name":null,"historic":"tank","heritage":null,"tourism":null}},{"type":"Feature","id":"n13042495688","geometry":{"type":"Point","coordinates":[77.1203071,28.573951]},"properties":{"name":null,"historic":"aircraft","heritage":null,"tourism":null}},{"type":"Feature","id":"n13042498353","geometry":{"type":"Point","coordinates":[77.1173164,28.5738045]},"properties":{"name":null,"historic":"aircraft","heritage":null,"tourism":null}},{"type":"Feature","id":"n13042499547","geometry":{"type":"Point","coordinates":[77.1167079,28.57449]},"properties":{"name":null,"historic":"memorial","heritage":null,"tourism":null}},{"type":"Feature","id":"n13042502797","geometry":{"type":"Point","coordinates":[77.117679,28.5742553]},"properties":{"name":null,"historic":"tank","heritage":null,"tourism":null}},{"type":"Feature","id":"n13042502967","geometry":{"type":"Point","coordinates":[77.1171209,28.5745125]},"properties":{"name":null,"historic":"aircraft","heritage":null,"tourism":null}},{"type":"Feature","id":"n13042504546","geometry":{"type":"Point","coordinates":[77.129928,28.5842063]},"properties":{"name":null,"historic":"cannon","heritage":null,"tourism":null}},{"type":"Feature","id":"n13061300932","geometry":{"type":"Point","coordinates":[77.2316176,28.5737815]},"properties":{"name":null,"historic":"monument","heritage":null,"tourism":null}},{"type":"Feature","id":"n13063894812","geometry":{"type":"Point","coordinates":[77.1171912,28.5740119]},"properties":{"name":null,"historic":"missile","heritage":null,"tourism":null}},{"type":"Feature","id":"n13063894813","geometry":{"type":"Point","coordinates":[77.115903,28.5745478]},"properties":{"name":null,"historic":"aircraft","heritage":null,"tourism":null}},{"type":"Feature","id":"n13063894814","geometry":{"type":"Point","coordinates":[77.115836,28.5744618]},"properties":{"name":null,"historic":"aircraft","heritage":null,"tourism":null}},{"type":"Feature","id":"n13063894815","geometry":{"type":"Point","coordinates":[77.1158749,28.5743582]},"properties":{"name":null,"historic":"aircraft","heritage":null,"tourism":null}},{"type":"Feature","id":"n13063894816","geometry":{"type":"Point","coordinates":[77.1160492,28.5741839]},"properties":{"name":null,"historic":"aircraft","heritage":null,"tourism":null}},{"type":"Feature","id":"n13063894817","geometry":{"type":"Point","coordinates":[77.1162128,28.5741191]},"properties":{"name":null,"historic":"aircraft","heritage":null,"tourism":null}},{"type":"Feature","id":"n13063894818","geometry":{"type":"Point","coordinates":[77.1161726,28.5744383]},"properties":{"name":null,"historic":"aircraft","heritage":null,"tourism":null}},{"type":"Feature","id":"n13063894819","geometry":{"type":"Point","coordinates":[77.1160197,28.5746055]},"properties":{"name":null,"historic":"aircraft","heritage":null,"tourism":null}},{"type":"Feature","id":"n13063894820","geometry":{"type":"Point","coordinates":[77.1175539,28.5738953]},"properties":{"name":null,"historic":"helicopter","heritage":null,"tourism":null}},{"type":"Feature","id":"n13063894821","geometry":{"type":"Point","coordinates":[77.1175835,28.5740225]},"properties":{"name":null,"historic":"helicopter","heritage":null,"tourism":null}},{"type":"Feature","id":"n13063894822","geometry":{"type":"Point","coordinates":[77.1173608,28.5744819]},"properties":{"name":null,"historic":"missile","heritage":null,"tourism":null}},{"type":"Feature","id":"n13120691116","geometry":{"type":"Point","coordinates":[77.2271542,28.5905391]},"properties":{"name":null,"historic":"aircraft","heritage":null,"tourism":null}},{"type":"Feature","id":"n13146390857","geometry":{"type":"Point","coordinates":[77.1266148,28.8539811]},"properties":{"name":"Guru Tegh Bahadur Memorial","historic":"memorial","heritage":null,"tourism":null}},{"type":"Feature","id":"n13146724915","geometry":{"type":"Point","coordinates":[77.1676508,28.7190262]},"properties":{"name":"Badli Ki Sarai","historic":"monument","heritage":null,"tourism":null}},{"type":"Feature","id":"n13227490139","geometry":{"type":"Point","coordinates":[77.2063795,28.5949391]},"properties":{"name":null,"historic":"aircraft","heritage":null,"tourism":null}},{"type":"Feature","id":"n13288958165","geometry":{"type":"Point","coordinates":[77.1987686,28.6027862]},"properties":{"name":"Teen Murti Bhavan","historic":null,"heritage":null,"tourism":"attraction"}},{"type":"Feature","id":"n13288958167","geometry":{"type":"Point","coordinates":[77.2215535,28.5962198]},"properties":{"name":"Sikandar Lodhi's grave","historic":"monument","heritage":null,"tourism":null}},{"type":"Feature","id":"n13288958168","geometry":{"type":"Point","coordinates":[77.2183041,28.5909401]},"properties":{"name":"Muhammad Shah Sayyid's grave","historic":"monument","heritage":null,"tourism":null}},{"type":"Feature","id":"n13299181717","geometry":{"type":"Point","coordinates":[77.1174019,28.7216567]},"properties":{"name":"MIG-27","historic":"memorial","heritage":null,"tourism":null}},{"type":"Feature","id":"n13355323356","geometry":{"type":"Point","coordinates":[77.041821,28.5101351]},"properties":{"name":"Ahir Dham","historic":"memorial","heritage":null,"tourism":null}},{"type":"Feature","id":"n13447917341","geometry":{"type":"Point","coordinates":[77.1987639,28.6028844]},"properties":{"name":null,"historic":"cannon","heritage":null,"tourism":null}},{"type":"Feature","id":"n13503216512","geometry":{"type":"Point","coordinates":[77.2059037,28.5732997]},"properties":{"name":"Kalam memorial","historic":"memorial","heritage":null,"tourism":null}},{"type":"Feature","id":"n13565242214","geometry":{"type":"Point","coordinates":[77.2116511,28.611073]},"properties":{"name":null,"historic":"aircraft","heritage":null,"tourism":null}},{"type":"Feature","id":"n13594703577","geometry":{"type":"Point","coordinates":[77.2203294,28.6968937]},"properties":{"name":null,"historic":"no","heritage":null,"tourism":null}},{"type":"Feature","id":"n13661342155","geometry":{"type":"Point","coordinates":[77.1489336,28.5964061]},"properties":{"name":null,"historic":"cannon","heritage":null,"tourism":null}},{"type":"Feature","id":"n13661373512","geometry":{"type":"Point","coordinates":[77.1490158,28.5963787]},"properties":{"name":null,"historic":"cannon","heritage":null,"tourism":null}},{"type":"Feature","id":"n13677293685","geometry":{"type":"Point","coordinates":[77.1247288,28.6017837]},"properties":{"name":"Buddha Statue","historic":"monument","heritage":null,"tourism":null}},{"type":"Feature","id":"n13721394899","geometry":{"type":"Point","coordinates":[77.2161244,28.6668245]},"properties":{"name":null,"historic":"memorial","heritage":null,"tourism":null}},{"type":"Feature","id":"n13744094901","geometry":{"type":"Point","coordinates":[77.2976017,28.6961633]},"properties":{"name":"My home","historic":"castle","heritage":null,"tourism":null}},{"type":"Feature","id":"n13754581432","geometry":{"type":"Point","coordinates":[77.1977332,28.6038368]},"properties":{"name":null,"historic":"rocket","heritage":null,"tourism":null}},{"type":"Feature","id":"n13760527971","geometry":{"type":"Point","coordinates":[77.2120143,28.6165391]},"properties":{"name":null,"historic":"locomotive","heritage":null,"tourism":null}},{"type":"Feature","id":"n13807550229","geometry":{"type":"Point","coordinates":[77.262998,28.59351]},"properties":{"name":"Crescent","historic":null,"heritage":null,"tourism":"attraction"}},{"type":"Feature","id":"n13809072173","geometry":{"type":"Point","coordinates":[77.2455919,28.6131133]},"properties":{"name":null,"historic":"rocket","heritage":null,"tourism":null}},{"type":"Feature","id":"n13982105633","geometry":{"type":"Point","coordinates":[77.0273287,28.4367122]},"properties":{"name":null,"historic":"aircraft","heritage":null,"tourism":null}},{"type":"Feature","id":"n14031269506","geometry":{"type":"Point","coordinates":[77.2463051,28.595761]},"properties":{"name":null,"historic":"monument","heritage":null,"tourism":null}},{"type":"Feature","id":"n14038614296","geometry":{"type":"Point","coordinates":[77.2368036,28.5748481]},"properties":{"name":null,"historic":"memorial","heritage":null,"tourism":null}},{"type":"Feature","id":"n14038657934","geometry":{"type":"Point","coordinates":[77.0921092,28.5533367]},"properties":{"name":null,"historic":"memorial","heritage":null,"tourism":null}},{"type":"Feature","id":"n14048279760","geometry":{"type":"Point","coordinates":[77.2256537,28.6266298]},"properties":{"name":"Shri Somnath Mandir","historic":"wayside_shrine","heritage":null,"tourism":null}},{"type":"Feature","id":"n14051886913","geometry":{"type":"Point","coordinates":[77.2137031,28.6012817]},"properties":{"name":null,"historic":"memorial","heritage":null,"tourism":null}},{"type":"Feature","id":"n14051886920","geometry":{"type":"Point","coordinates":[77.2153272,28.6020306]},"properties":{"name":null,"historic":"cannon","heritage":null,"tourism":null}},{"type":"Feature","id":"n14051886921","geometry":{"type":"Point","coordinates":[77.2150181,28.6021946]},"properties":{"name":null,"historic":"cannon","heritage":null,"tourism":null}},{"type":"Feature","id":"n14051886922","geometry":{"type":"Point","coordinates":[77.2147103,28.6023579]},"properties":{"name":null,"historic":"cannon","heritage":null,"tourism":null}},{"type":"Feature","id":"n14079933348","geometry":{"type":"Point","coordinates":[77.224478,28.6199005]},"properties":{"name":null,"historic":"cannon","heritage":null,"tourism":null}},{"type":"Feature","id":"w24501701","geometry":{"type":"Point","coordinates":[77.0660875,28.4691967]},"properties":{"name":"Leisure Valley Park","historic":null,"heritage":null,"tourism":"attraction"}},{"type":"Feature","id":"w44315454","geometry":{"type":"Point","coordinates":[77.2072531,28.5731929]},"properties":{"name":"Dilli Haat","historic":null,"heritage":null,"tourism":"attraction"}},{"type":"Feature","id":"w44827278","geometry":{"type":"Point","coordinates":[77.2586109,28.5533567]},"properties":{"name":"Lotus Temple","historic":null,"heritage":null,"tourism":"attraction"}},{"type":"Feature","id":"w78480655","geometry":{"type":"Point","coordinates":[77.1498678,28.6959558]},"properties":{"name":"Dilli Haat","historic":null,"heritage":null,"tourism":"attraction"}},{"type":"Feature","id":"w80429788","geometry":{"type":"Point","coordinates":[77.2421669,28.6589849]},"properties":{"name":null,"historic":"yes","heritage":null,"tourism":null}},{"type":"Feature","id":"w80429794","geometry":{"type":"Point","coordinates":[77.2423201,28.6557225]},"properties":{"name":"Diwan-i-Aam","historic":"monument","heritage":null,"tourism":null}},{"type":"Feature","id":"w80429815","geometry":{"type":"Point","coordinates":[77.2434226,28.6545239]},"properties":{"name":"Mumtaz Mahal","historic":"monument","heritage":null,"tourism":null}},{"type":"Feature","id":"w80429830","geometry":{"type":"Point","coordinates":[77.2435765,28.6564715]},"properties":{"name":"Diwan-e-Khaas","historic":"monument","heritage":null,"tourism":null}},{"type":"Feature","id":"w80429844","geometry":{"type":"Point","coordinates":[77.2419924,28.6565964]},"properties":{"name":null,"historic":"yes","heritage":null,"tourism":null}},{"type":"Feature","id":"w80429887","geometry":{"type":"Point","coordinates":[77.2435964,28.6561321]},"properties":{"name":"Khas Mahal","historic":"monument","heritage":null,"tourism":null}},{"type":"Feature","id":"w80429889","geometry":{"type":"Point","coordinates":[77.2421079,28.6581842]},"properties":{"name":null,"historic":"yes","heritage":null,"tourism":null}},{"type":"Feature","id":"w80429891","geometry":{"type":"Point","coordinates":[77.2420542,28.657385]},"properties":{"name":null,"historic":"yes","heritage":null,"tourism":null}},{"type":"Feature","id":"w80429900","geometry":{"type":"Point","coordinates":[77.2409923,28.6557891]},"properties":{"name":"Naubat Khana","historic":"monument","heritage":null,"tourism":null}},{"type":"Feature","id":"w80429907","geometry":{"type":"Point","coordinates":[77.2387253,28.655896]},"properties":{"name":"Lahori Gate","historic":"city_gate","heritage":null,"tourism":null}},{"type":"Feature","id":"w80429915","geometry":{"type":"Point","coordinates":[77.2435276,28.6556799]},"properties":{"name":"Rang Mahal","historic":"monument","heritage":null,"tourism":null}},{"type":"Feature","id":"w80431096","geometry":{"type":"Point","coordinates":[77.2425302,28.6608389]},"properties":{"name":"Salimgarh Fort","historic":"castle","heritage":null,"tourism":"attraction"}},{"type":"Feature","id":"w80431098","geometry":{"type":"Point","coordinates":[77.2289201,28.6708183]},"properties":{"name":"Qudsia Bagh","historic":"castle","heritage":null,"tourism":null}},{"type":"Feature","id":"w80431099","geometry":{"type":"Point","coordinates":[77.2252774,28.6691772]},"properties":{"name":"Nicholson Cemetery","historic":"cemetery","heritage":null,"tourism":null}},{"type":"Feature","id":"w80439684","geometry":{"type":"Point","coordinates":[77.2446602,28.6097221]},"properties":{"name":null,"historic":"yes","heritage":null,"tourism":null}},{"type":"Feature","id":"w80442501","geometry":{"type":"Point","coordinates":[77.2266065,28.600192]},"properties":{"name":"Khan Market","historic":null,"heritage":null,"tourism":"attraction"}},{"type":"Feature","id":"w86485341","geometry":{"type":"Point","coordinates":[77.2021718,28.5528003]},"properties":{"name":"Barah Khamba","historic":"monument","heritage":null,"tourism":null}},{"type":"Feature","id":"w86485342","geometry":{"type":"Point","coordinates":[77.2018506,28.5532276]},"properties":{"name":"Chhoti Gumti","historic":"monument","heritage":null,"tourism":null}},{"type":"Feature","id":"w86485344","geometry":{"type":"Point","coordinates":[77.2013064,28.5533691]},"properties":{"name":"Sakri Gumti","historic":"monument","heritage":null,"tourism":null}},{"type":"Feature","id":"w88213593","geometry":{"type":"Point","coordinates":[77.1930107,28.5531905]},"properties":{"name":"Hauz Khas Madrasa West Wing","historic":"ruins","heritage":null,"tourism":null}},{"type":"Feature","id":"w88213597","geometry":{"type":"Point","coordinates":[77.1936832,28.5535389]},"properties":{"name":"Hauz Khas Madrasa North Wing","historic":"ruins","heritage":null,"tourism":null}},{"type":"Feature","id":"w88213599","geometry":{"type":"Point","coordinates":[77.1934453,28.5530195]},"properties":{"name":"Feroz Shah Tughlaq's Tomb","historic":"monument","heritage":null,"tourism":null}},{"type":"Feature","id":"w89583596","geometry":{"type":"Point","coordinates":[77.187199,28.5194517]},"properties":{"name":"Jamali Kamali Mosque","historic":"monument","heritage":null,"tourism":null}},{"type":"Feature","id":"w89583599","geometry":{"type":"Point","coordinates":[77.1887862,28.519675]},"properties":{"name":"Tomb Of Balban","historic":"monument","heritage":null,"tourism":null}},{"type":"Feature","id":"w89583601","geometry":{"type":"Point","coordinates":[77.1872786,28.5198048]},"properties":{"name":"Jamali Kamali Tomb Precinct","historic":"monument","heritage":null,"tourism":null}},{"type":"Feature","id":"w89583605","geometry":{"type":"Point","coordinates":[77.1880163,28.5191478]},"properties":{"name":"Ruins of 18th C settlement around Balban's Tomb","historic":"ruins","heritage":null,"tourism":null}},{"type":"Feature","id":"w89583606","geometry":{"type":"Point","coordinates":[77.1874034,28.5182545]},"properties":{"name":"Khan Shahid Tomb","historic":"tomb","heritage":null,"tourism":null}},{"type":"Feature","id":"w89583607","geometry":{"type":"Point","coordinates":[77.1858796,28.5212034]},"properties":{"name":"Mehrauli Archaeological Park","historic":"archaeological_site","heritage":null,"tourism":null}},{"type":"Feature","id":"w96679852","geometry":{"type":"Point","coordinates":[77.2135066,28.5400559]},"properties":{"name":"Wall Mosque","historic":"monument","heritage":null,"tourism":null}},{"type":"Feature","id":"w96679853","geometry":{"type":"Point","coordinates":[77.2140707,28.5400954]},"properties":{"name":"Lal Gumbad Entry Gate","historic":"monument","heritage":null,"tourism":null}},{"type":"Feature","id":"w96679854","geometry":{"type":"Point","coordinates":[77.2136689,28.5400937]},"properties":{"name":"Lal Gumbad","historic":"memorial","heritage":null,"tourism":null}},{"type":"Feature","id":"w96679975","geometry":{"type":"Point","coordinates":[77.2060512,28.5412049]},"properties":{"name":"Hazar Ustun (Hall of Thousand Columns)","historic":"ruins","heritage":null,"tourism":"attraction"}},{"type":"Feature","id":"w96679976","geometry":{"type":"Point","coordinates":[77.2060003,28.5406691]},"properties":{"name":"Ruins of Palatial Section of Jahanpanah","historic":"ruins","heritage":null,"tourism":"attraction"}},{"type":"Feature","id":"w96679977","geometry":{"type":"Point","coordinates":[77.2061281,28.5416601]},"properties":{"name":"Ruins of North Gate of Jahanpanah Palace","historic":"ruins","heritage":null,"tourism":null}},{"type":"Feature","id":"w97228608","geometry":{"type":"Point","coordinates":[77.1819597,28.5230657]},"properties":{"name":"Adham Khan's Tomb","historic":"monument","heritage":null,"tourism":null}},{"type":"Feature","id":"w97230893","geometry":{"type":"Point","coordinates":[77.2443314,28.6352709]},"properties":{"name":"Kotla Firoz Shah Ruins","historic":"fort","heritage":null,"tourism":"attraction"}},{"type":"Feature","id":"w97230898","geometry":{"type":"Point","coordinates":[77.2447758,28.6346414]},"properties":{"name":"Kotla Firoz Shah Palace","historic":"ruins","heritage":null,"tourism":null}},{"type":"Feature","id":"w97230899","geometry":{"type":"Point","coordinates":[77.2446801,28.635991]},"properties":{"name":"Baoli","historic":"ruins","heritage":null,"tourism":null}},{"type":"Feature","id":"w102684251","geometry":{"type":"Point","coordinates":[77.2599641,28.513965]},"properties":{"name":"Tughlakabad Fort","historic":"castle","heritage":null,"tourism":"attraction"}},{"type":"Feature","id":"w102758311","geometry":{"type":"Point","coordinates":[77.2634592,28.5112582]},"properties":{"name":"Meena Bazar","historic":null,"heritage":null,"tourism":"attraction"}},{"type":"Feature","id":"w102758313","geometry":{"type":"Point","coordinates":[77.2599402,28.5125918]},"properties":{"name":"Tughlakabad Baoli","historic":"monument","heritage":null,"tourism":null}},{"type":"Feature","id":"w102758314","geometry":{"type":"Point","coordinates":[77.2611893,28.5131516]},"properties":{"name":"Tughlaqabad Palace Ruins","historic":"ruins","heritage":null,"tourism":null}},{"type":"Feature","id":"w102758345","geometry":{"type":"Point","coordinates":[77.2612956,28.5093013]},"properties":{"name":"Ghiyas-ud-Din Tughlaq's Tomb","historic":"fort","heritage":null,"tourism":"attraction"}},{"type":"Feature","id":"w102758346","geometry":{"type":"Point","coordinates":[77.2613042,28.5093473]},"properties":{"name":"Ghiyas-ud-Din Tughlaq's Tomb","historic":"monument","heritage":null,"tourism":null}},{"type":"Feature","id":"w102803931","geometry":{"type":"Point","coordinates":[77.2064821,28.5392113]},"properties":{"name":"Begumpur Mosque","historic":"monument","heritage":null,"tourism":null}},{"type":"Feature","id":"w103419928","geometry":{"type":"Point","coordinates":[77.1542671,28.7201403]},"properties":{"name":"Sheesh Mahal","historic":"castle","heritage":null,"tourism":"attraction"}},{"type":"Feature","id":"w103419929","geometry":{"type":"Point","coordinates":[77.1542637,28.7210472]},"properties":{"name":"Water Tank","historic":"yes","heritage":null,"tourism":null}},{"type":"Feature","id":"w103419930","geometry":{"type":"Point","coordinates":[77.1542462,28.7212091]},"properties":{"name":"Sheesh Mahal Pavilion","historic":"building","heritage":null,"tourism":"attraction"}},{"type":"Feature","id":"w103505909","geometry":{"type":"Point","coordinates":[77.2419763,28.5913795]},"properties":{"name":"Nizamuddin Dargah","historic":"monument","heritage":null,"tourism":null}},{"type":"Feature","id":"w103505910","geometry":{"type":"Point","coordinates":[77.2430416,28.5911964]},"properties":{"name":"Chausath Khamba","historic":"monument","heritage":null,"tourism":null}},{"type":"Feature","id":"w103602248","geometry":{"type":"Point","coordinates":[77.2106098,28.5892413]},"properties":{"name":null,"historic":null,"heritage":null,"tourism":"attraction"}},{"type":"Feature","id":"w103602249","geometry":{"type":"Point","coordinates":[77.2106025,28.5892366]},"properties":{"name":"Safdarjung's Tomb","historic":"tomb","heritage":null,"tourism":"attraction"}},{"type":"Feature","id":"w103850013","geometry":{"type":"Point","coordinates":[77.2324026,28.6669983]},"properties":{"name":"William Fraser's Bungalow/Office of CAO, Northern Railway","historic":null,"heritage":null,"tourism":"attraction"}},{"type":"Feature","id":"w120396374","geometry":{"type":"Point","coordinates":[77.2401653,28.652229]},"properties":{"name":"Delhi Gate","historic":"city_gate","heritage":null,"tourism":null}},{"type":"Feature","id":"w128836890","geometry":{"type":"Point","coordinates":[77.1370539,28.5334024]},"properties":{"name":"Sultan Garhi Tomb","historic":"monument","heritage":null,"tourism":null}},{"type":"Feature","id":"w132085689","geometry":{"type":"Point","coordinates":[77.2135668,28.5808697]},"properties":{"name":"Tomb of Najaf Khan","historic":"tomb","heritage":null,"tourism":"attraction"}},{"type":"Feature","id":"w153152576","geometry":{"type":"Point","coordinates":[77.1933211,28.5532939]},"properties":{"name":"Hauz Khas Complex","historic":"ruins","heritage":null,"tourism":null}},{"type":"Feature","id":"w155441684","geometry":{"type":"Point","coordinates":[77.1943794,28.7072363]},"properties":{"name":"Naini Lake","historic":null,"heritage":null,"tourism":"attraction"}},{"type":"Feature","id":"w163778023","geometry":{"type":"Point","coordinates":[77.2471211,28.5931711]},"properties":{"name":null,"historic":"yes","heritage":null,"tourism":null}},{"type":"Feature","id":"w163778032","geometry":{"type":"Point","coordinates":[77.2488166,28.5932099]},"properties":{"name":"Bu Halima Gate","historic":"yes","heritage":null,"tourism":null}},{"type":"Feature","id":"w163778457","geometry":{"type":"Point","coordinates":[77.247999,28.5880762]},"properties":{"name":null,"historic":"yes","heritage":null,"tourism":null}},{"type":"Feature","id":"w163778461","geometry":{"type":"Point","coordinates":[77.2480063,28.5880762]},"properties":{"name":null,"historic":"yes","heritage":null,"tourism":null}},{"type":"Feature","id":"w163778520","geometry":{"type":"Point","coordinates":[77.2436352,28.5931657]},"properties":{"name":"Sabz Burj","historic":"monument","heritage":null,"tourism":null}},{"type":"Feature","id":"w163779658","geometry":{"type":"Point","coordinates":[77.2201933,28.5937613]},"properties":{"name":"Shish Gumbad","historic":"monument","heritage":null,"tourism":null}},{"type":"Feature","id":"w164675825","geometry":{"type":"Point","coordinates":[77.2197083,28.6328099]},"properties":{"name":"Rajiv Chowk Central Park","historic":null,"heritage":null,"tourism":"attraction"}},{"type":"Feature","id":"w204969641","geometry":{"type":"Point","coordinates":[77.2236008,28.531689]},"properties":{"name":"Satpula Dam","historic":"archaeological_site","heritage":null,"tourism":null}},{"type":"Feature","id":"w204969698","geometry":{"type":"Point","coordinates":[77.2680059,28.5061095]},"properties":{"name":"Adilabad Fort","historic":"yes","heritage":null,"tourism":"attraction"}},{"type":"Feature","id":"w213101581","geometry":{"type":"Point","coordinates":[77.2830013,28.4837559]},"properties":{"name":"Surajkund","historic":"archaeological_site","heritage":null,"tourism":null}},{"type":"Feature","id":"w220385654","geometry":{"type":"Point","coordinates":[77.2506455,28.5932862]},"properties":{"name":"Humayun's Tomb","historic":"monument","heritage":null,"tourism":"attraction"}},{"type":"Feature","id":"w220385655","geometry":{"type":"Point","coordinates":[77.2482524,28.5913568]},"properties":{"name":"Arab Sarai","historic":null,"heritage":null,"tourism":"attraction"}},{"type":"Feature","id":"w220385656","geometry":{"type":"Point","coordinates":[77.2518982,28.5922672]},"properties":{"name":"Barber's Tomb","historic":"archaeological_site","heritage":null,"tourism":"attraction"}},{"type":"Feature","id":"w220693076","geometry":{"type":"Point","coordinates":[77.2203334,28.5930299]},"properties":{"name":"Bara Gumbad","historic":"monument","heritage":null,"tourism":null}},{"type":"Feature","id":"w221487001","geometry":{"type":"Point","coordinates":[77.0966403,28.6221025]},"properties":{"name":"Dilli Haat","historic":null,"heritage":null,"tourism":"attraction"}},{"type":"Feature","id":"w223456540","geometry":{"type":"Point","coordinates":[77.2166036,28.6270301]},"properties":{"name":"Samrat Yantra","historic":"monument","heritage":null,"tourism":null}},{"type":"Feature","id":"w223456559","geometry":{"type":"Point","coordinates":[77.2165964,28.6270993]},"properties":{"name":"Jantar Mantar","historic":"archaeological_site","heritage":null,"tourism":"attraction"}},{"type":"Feature","id":"w223903620","geometry":{"type":"Point","coordinates":[77.2435124,28.656807]},"properties":{"name":"Hammam","historic":"monument","heritage":null,"tourism":null}},{"type":"Feature","id":"w224253745","geometry":{"type":"Point","coordinates":[77.2805162,28.614173]},"properties":{"name":null,"historic":"mon","heritage":null,"tourism":"attraction"}},{"type":"Feature","id":"w224253749","geometry":{"type":"Point","coordinates":[77.2795962,28.6137162]},"properties":{"name":null,"historic":null,"heritage":null,"tourism":"attraction"}},{"type":"Feature","id":"w224881350","geometry":{"type":"Point","coordinates":[77.0681388,28.4682507]},"properties":{"name":null,"historic":null,"heritage":null,"tourism":"attraction"}},{"type":"Feature","id":"w231621851","geometry":{"type":"Point","coordinates":[77.2179594,28.5625769]},"properties":{"name":"Moth Ki Masjid","historic":null,"heritage":null,"tourism":"attraction"}},{"type":"Feature","id":"w233262400","geometry":{"type":"Point","coordinates":[77.2450597,28.6086583]},"properties":{"name":"Sher Mandal","historic":"monument","heritage":null,"tourism":null}},{"type":"Feature","id":"w243175581","geometry":{"type":"Point","coordinates":[77.2182854,28.5910085]},"properties":{"name":"Tomb of Muhammad Shah Sayyid","historic":"tomb","heritage":null,"tourism":null}},{"type":"Feature","id":"w264863907","geometry":{"type":"Point","coordinates":[77.2407427,28.6557242]},"properties":{"name":"Red Fort","historic":"castle","heritage":null,"tourism":"attraction"}},{"type":"Feature","id":"w265813744","geometry":{"type":"Point","coordinates":[77.2057227,28.6537716]},"properties":{"name":"Idgah","historic":null,"heritage":null,"tourism":"attraction"}},{"type":"Feature","id":"w265813745","geometry":{"type":"Point","coordinates":[77.2222072,28.6460991]},"properties":{"name":"Anglo Arabic Public School","historic":null,"heritage":null,"tourism":"attraction"}},{"type":"Feature","id":"w265818322","geometry":{"type":"Point","coordinates":[77.2290091,28.6668088]},"properties":{"name":"Kashmiri Gate","historic":"archaeological_site","heritage":null,"tourism":"attraction"}},{"type":"Feature","id":"w265824672","geometry":{"type":"Point","coordinates":[77.236338,28.6614091]},"properties":{"name":"Lothian Cemetery","historic":"cemetery","heritage":null,"tourism":null}},{"type":"Feature","id":"w265824675","geometry":{"type":"Point","coordinates":[77.2330208,28.6634832]},"properties":{"name":"Dara Shikoh Library","historic":"building","heritage":null,"tourism":null}},{"type":"Feature","id":"w265831765","geometry":{"type":"Point","coordinates":[77.2189348,28.5700505]},"properties":{"name":"Kale Khan ki Gumbad","historic":"archaeological_site","heritage":null,"tourism":null}},{"type":"Feature","id":"w265831766","geometry":{"type":"Point","coordinates":[77.2167008,28.572249]},"properties":{"name":"Dariya Khan Lohani's Tomb","historic":"monument","heritage":null,"tourism":null}},{"type":"Feature","id":"w265972476","geometry":{"type":"Point","coordinates":[77.2439476,28.6454003]},"properties":{"name":"City Wall South of Daryaganj","historic":"archaeological_site","heritage":null,"tourism":null}},{"type":"Feature","id":"w266639968","geometry":{"type":"Point","coordinates":[77.0787181,28.4507445]},"properties":{"name":"Gold Souk","historic":null,"heritage":null,"tourism":"attraction"}},{"type":"Feature","id":"w278577239","geometry":{"type":"Point","coordinates":[77.2055953,28.6337456]},"properties":{"name":"Gole Market","historic":"building","heritage":null,"tourism":null}},{"type":"Feature","id":"w320351009","geometry":{"type":"Point","coordinates":[77.2391693,28.6539269]},"properties":{"name":null,"historic":"citywalls","heritage":null,"tourism":null}},{"type":"Feature","id":"w320351010","geometry":{"type":"Point","coordinates":[77.2412585,28.6583593]},"properties":{"name":null,"historic":"yes","heritage":null,"tourism":null}},{"type":"Feature","id":"w320351011","geometry":{"type":"Point","coordinates":[77.2383602,28.6559307]},"properties":{"name":null,"historic":"citywalls","heritage":null,"tourism":null}},{"type":"Feature","id":"w320353005","geometry":{"type":"Point","coordinates":[77.2419391,28.6524053]},"properties":{"name":null,"historic":"citywalls","heritage":null,"tourism":null}},{"type":"Feature","id":"w320353008","geometry":{"type":"Point","coordinates":[77.2426382,28.657782]},"properties":{"name":"Zafar Mahal","historic":"monument","heritage":null,"tourism":null}},{"type":"Feature","id":"w320353009","geometry":{"type":"Point","coordinates":[77.2401299,28.651912]},"properties":{"name":null,"historic":"citywalls","heritage":null,"tourism":null}},{"type":"Feature","id":"w348302815","geometry":{"type":"Point","coordinates":[77.2489537,28.5957443]},"properties":{"name":"Mirza Muzaffar Hussain’s Tomb","historic":"tomb","heritage":null,"tourism":null}},{"type":"Feature","id":"w348302998","geometry":{"type":"Point","coordinates":[77.2465687,28.5960926]},"properties":{"name":"Sundarwala Mahal","historic":null,"heritage":null,"tourism":"attraction"}},{"type":"Feature","id":"w348304653","geometry":{"type":"Point","coordinates":[77.2425224,28.5924985]},"properties":{"name":"Barakhamba's Tomb","historic":"monument","heritage":null,"tourism":"attraction"}},{"type":"Feature","id":"w351610317","geometry":{"type":"Point","coordinates":[77.2002705,28.6736558]},"properties":{"name":"Tomb of Roshanara","historic":"tomb;archaeological_site","heritage":null,"tourism":null}},{"type":"Feature","id":"w351621253","geometry":{"type":"Point","coordinates":[77.1958348,28.6853293]},"properties":{"name":"Tripolia Gate (South)","historic":"city_gate","heritage":null,"tourism":null}},{"type":"Feature","id":"w352447818","geometry":{"type":"Point","coordinates":[77.1568623,28.7346635]},"properties":{"name":"Maqbara-e-Paik","historic":null,"heritage":null,"tourism":"attraction"}},{"type":"Feature","id":"w359512682","geometry":{"type":"Point","coordinates":[77.2215511,28.5963019]},"properties":{"name":"Tomb of Sikandar Lodhi","historic":"tomb","heritage":null,"tourism":null}},{"type":"Feature","id":"w359770137","geometry":{"type":"Point","coordinates":[77.201801,28.6142483]},"properties":{"name":"Jaipur Column","historic":"monument","heritage":null,"tourism":null}},{"type":"Feature","id":"w359830361","geometry":{"type":"Point","coordinates":[77.1981758,28.6032851]},"properties":{"name":"Kushak Mahal","historic":"yes","heritage":null,"tourism":null}},{"type":"Feature","id":"w361709652","geometry":{"type":"Point","coordinates":[77.2294919,28.6129323]},"properties":{"name":"India Gate","historic":"monument","heritage":null,"tourism":"attraction"}},{"type":"Feature","id":"w369140381","geometry":{"type":"Point","coordinates":[77.1854503,28.5244171]},"properties":{"name":"Qutb Minar","historic":"monument","heritage":null,"tourism":null}},{"type":"Feature","id":"w370543749","geometry":{"type":"Point","coordinates":[77.2453429,28.596083]},"properties":{"name":"Sunder Burj","historic":null,"heritage":null,"tourism":"attraction"}},{"type":"Feature","id":"w370547040","geometry":{"type":"Point","coordinates":[77.2439227,28.5979537]},"properties":{"name":"Lakkarwala Burj","historic":null,"heritage":null,"tourism":"attraction"}},{"type":"Feature","id":"w370944282","geometry":{"type":"Point","coordinates":[77.2454616,28.6068826]},"properties":{"name":"Humayun Darwaza","historic":"city_gate","heritage":null,"tourism":null}},{"type":"Feature","id":"w370944284","geometry":{"type":"Point","coordinates":[77.2423079,28.608861]},"properties":{"name":"Bada Darwaza","historic":"city_gate","heritage":null,"tourism":null}},{"type":"Feature","id":"w370944286","geometry":{"type":"Point","coordinates":[77.2416544,28.6117171]},"properties":{"name":"Talaqi Darwaza","historic":"city_gate","heritage":null,"tourism":null}},{"type":"Feature","id":"w370944288","geometry":{"type":"Point","coordinates":[77.2415288,28.610281]},"properties":{"name":null,"historic":"yes","heritage":null,"tourism":null}},{"type":"Feature","id":"w370944290","geometry":{"type":"Point","coordinates":[77.2438662,28.6075009]},"properties":{"name":null,"historic":"yes","heritage":null,"tourism":null}},{"type":"Feature","id":"w378119036","geometry":{"type":"Point","coordinates":[77.2478179,28.5928463]},"properties":{"name":null,"historic":"yes","heritage":null,"tourism":null}},{"type":"Feature","id":"w394590846","geometry":{"type":"Point","coordinates":[77.3117075,28.5680892]},"properties":{"name":"Rashtriya Dalit Prerna Sthal and Green Garden","historic":"monument","heritage":null,"tourism":null}},{"type":"Feature","id":"w402325790","geometry":{"type":"Point","coordinates":[77.3148332,28.5641676]},"properties":{"name":null,"historic":null,"heritage":null,"tourism":"attraction"}},{"type":"Feature","id":"w403809790","geometry":{"type":"Point","coordinates":[77.2506741,28.5947986]},"properties":{"name":"North Pavilion","historic":null,"heritage":null,"tourism":"attraction"}},{"type":"Feature","id":"w403809791","geometry":{"type":"Point","coordinates":[77.2507673,28.5915807]},"properties":{"name":"Royal Gateway","historic":"city_gate","heritage":null,"tourism":null}},{"type":"Feature","id":"w403809792","geometry":{"type":"Point","coordinates":[77.2467374,28.593717]},"properties":{"name":"Bu Halima's Tomb","historic":"archaeological_site","heritage":null,"tourism":null}},{"type":"Feature","id":"w403809796","geometry":{"type":"Point","coordinates":[77.2454988,28.5921525]},"properties":{"name":"Mosque","historic":"archaeological_site","heritage":null,"tourism":null}},{"type":"Feature","id":"w403809805","geometry":{"type":"Point","coordinates":[77.2461028,28.592778]},"properties":{"name":null,"historic":"yes","heritage":null,"tourism":null}},{"type":"Feature","id":"w432131633","geometry":{"type":"Point","coordinates":[77.2493889,28.5942394]},"properties":{"name":null,"historic":"tomb","heritage":null,"tourism":null}},{"type":"Feature","id":"w432131635","geometry":{"type":"Point","coordinates":[77.2495299,28.594243]},"properties":{"name":null,"historic":"tomb","heritage":null,"tourism":null}},{"type":"Feature","id":"w432131636","geometry":{"type":"Point","coordinates":[77.2494105,28.5942393]},"properties":{"name":null,"historic":"tomb","heritage":null,"tourism":null}},{"type":"Feature","id":"w432131637","geometry":{"type":"Point","coordinates":[77.2493676,28.5942394]},"properties":{"name":null,"historic":"tomb","heritage":null,"tourism":null}},{"type":"Feature","id":"w432131639","geometry":{"type":"Point","coordinates":[77.2494868,28.5942428]},"properties":{"name":null,"historic":"tomb","heritage":null,"tourism":null}},{"type":"Feature","id":"w432131640","geometry":{"type":"Point","coordinates":[77.2494319,28.5942395]},"properties":{"name":null,"historic":"tomb","heritage":null,"tourism":null}},{"type":"Feature","id":"w432131641","geometry":{"type":"Point","coordinates":[77.2495085,28.5942427]},"properties":{"name":null,"historic":"tomb","heritage":null,"tourism":null}},{"type":"Feature","id":"w464253914","geometry":{"type":"Point","coordinates":[77.2410157,28.6359942]},"properties":{"name":"Khooni Darwaza","historic":"city_gate","heritage":null,"tourism":"attraction"}},{"type":"Feature","id":"w464312292","geometry":{"type":"Point","coordinates":[77.2290286,28.6665554]},"properties":{"name":"Kashmiri Gate","historic":"city_gate","heritage":null,"tourism":null}},{"type":"Feature","id":"w476004361","geometry":{"type":"Point","coordinates":[77.1856849,28.5242243]},"properties":{"name":"Ala'i Darwaza","historic":"monument","heritage":null,"tourism":null}},{"type":"Feature","id":"w476004365","geometry":{"type":"Point","coordinates":[77.1853463,28.5258041]},"properties":{"name":"Alai Minar","historic":"building","heritage":null,"tourism":null}},{"type":"Feature","id":"w490516122","geometry":{"type":"Point","coordinates":[77.2420859,28.6565048]},"properties":{"name":null,"historic":"citywalls","heritage":null,"tourism":null}},{"type":"Feature","id":"w500411689","geometry":{"type":"Point","coordinates":[77.2250116,28.6260927]},"properties":{"name":"Agrasen ki Baoli","historic":"archaeological_site","heritage":null,"tourism":null}},{"type":"Feature","id":"w500413797","geometry":{"type":"Point","coordinates":[77.2165507,28.6265541]},"properties":{"name":"Ram Yantra","historic":"monument","heritage":null,"tourism":null}},{"type":"Feature","id":"w500413800","geometry":{"type":"Point","coordinates":[77.2165371,28.6262972]},"properties":{"name":"Ram Yantra","historic":"monument","heritage":null,"tourism":null}},{"type":"Feature","id":"w510048484","geometry":{"type":"Point","coordinates":[77.2002752,28.673666]},"properties":{"name":"Tomb Premesis","historic":"monument","heritage":null,"tourism":null}},{"type":"Feature","id":"w545405140","geometry":{"type":"Point","coordinates":[77.2443003,28.6092248]},"properties":{"name":"Purana Qila Baoli","historic":"archaeological_site","heritage":null,"tourism":null}},{"type":"Feature","id":"w601727519","geometry":{"type":"Point","coordinates":[77.1803248,28.5192046]},"properties":{"name":"Dargah Hazrat Khwaja Qutbuddin Bakhtiyar Kaki","historic":"tomb","heritage":null,"tourism":null}},{"type":"Feature","id":"w601731295","geometry":{"type":"Point","coordinates":[77.1869691,28.522478]},"properties":{"name":"Tomb of Mohammad Quli Khan","historic":"tomb","heritage":null,"tourism":null}},{"type":"Feature","id":"w632857882","geometry":{"type":"Point","coordinates":[77.1905415,28.5217775]},"properties":{"name":"Azim Khan's Tomb","historic":"monument","heritage":null,"tourism":null}},{"type":"Feature","id":"w632857886","geometry":{"type":"Point","coordinates":[77.1947238,28.5194345]},"properties":{"name":"Qila Rai Pithora","historic":"fort","heritage":null,"tourism":null}},{"type":"Feature","id":"w632857889","geometry":{"type":"Point","coordinates":[77.1971834,28.518578]},"properties":{"name":"Wall of Qila Rai Pithora","historic":"yes","heritage":null,"tourism":null}},{"type":"Feature","id":"w632926842","geometry":{"type":"Point","coordinates":[77.1811992,28.5271648]},"properties":{"name":"Wall of Qila Lal Kot","historic":"yes","heritage":null,"tourism":null}},{"type":"Feature","id":"w648053885","geometry":{"type":"Point","coordinates":[77.2675661,28.5055894]},"properties":{"name":"Adilabad Fort","historic":"fort","heritage":null,"tourism":null}},{"type":"Feature","id":"w689154566","geometry":{"type":"Point","coordinates":[77.3014726,28.5010601]},"properties":{"name":null,"historic":"monument","heritage":null,"tourism":null}},{"type":"Feature","id":"w689154567","geometry":{"type":"Point","coordinates":[77.3014801,28.5019817]},"properties":{"name":null,"historic":"monument","heritage":null,"tourism":null}},{"type":"Feature","id":"w689154568","geometry":{"type":"Point","coordinates":[77.3014351,28.5037985]},"properties":{"name":null,"historic":"monument","heritage":null,"tourism":null}},{"type":"Feature","id":"w698892682","geometry":{"type":"Point","coordinates":[77.2437233,28.6584959]},"properties":{"name":"Shahi Burj","historic":"monument","heritage":null,"tourism":null}},{"type":"Feature","id":"w699350689","geometry":{"type":"Point","coordinates":[77.2548361,28.5150832]},"properties":{"name":"Khirki Gate","historic":"city_gate","heritage":null,"tourism":null}},{"type":"Feature","id":"w699365575","geometry":{"type":"Point","coordinates":[77.2589343,28.5126802]},"properties":{"name":"Hathi Gate","historic":"city_gate","heritage":null,"tourism":null}},{"type":"Feature","id":"w699365576","geometry":{"type":"Point","coordinates":[77.2633685,28.5144098]},"properties":{"name":null,"historic":"city_gate","heritage":null,"tourism":null}},{"type":"Feature","id":"w699365577","geometry":{"type":"Point","coordinates":[77.2568131,28.5175379]},"properties":{"name":"Dariba Gate","historic":"city_gate","heritage":null,"tourism":null}},{"type":"Feature","id":"w737103754","geometry":{"type":"Point","coordinates":[77.1454507,28.6162422]},"properties":{"name":"Delhi 1939-1945 War Memorial","historic":"memorial","heritage":null,"tourism":null}},{"type":"Feature","id":"w749743849","geometry":{"type":"Point","coordinates":[77.1811038,28.6095605]},"properties":{"name":"Malcha Mahal","historic":"ruins","heritage":null,"tourism":null}},{"type":"Feature","id":"w802894335","geometry":{"type":"Point","coordinates":[77.2420753,28.657742]},"properties":{"name":null,"historic":"yes","heritage":null,"tourism":null}},{"type":"Feature","id":"w803023464","geometry":{"type":"Point","coordinates":[77.2399217,28.6530098]},"properties":{"name":null,"historic":"yes","heritage":null,"tourism":null}},{"type":"Feature","id":"w803023465","geometry":{"type":"Point","coordinates":[77.2409972,28.6533629]},"properties":{"name":null,"historic":"yes","heritage":null,"tourism":null}},{"type":"Feature","id":"w803023466","geometry":{"type":"Point","coordinates":[77.2400464,28.6571512]},"properties":{"name":null,"historic":"yes","heritage":null,"tourism":null}},{"type":"Feature","id":"w803023468","geometry":{"type":"Point","coordinates":[77.2423729,28.6538275]},"properties":{"name":null,"historic":"yes","heritage":null,"tourism":null}},{"type":"Feature","id":"w815248046","geometry":{"type":"Point","coordinates":[77.2026718,28.5554736]},"properties":{"name":null,"historic":"archaeological_site","heritage":null,"tourism":null}},{"type":"Feature","id":"w818074720","geometry":{"type":"Point","coordinates":[77.2160897,28.5359866]},"properties":{"name":"Tikona Park","historic":null,"heritage":null,"tourism":"attraction"}},{"type":"Feature","id":"w818709474","geometry":{"type":"Point","coordinates":[77.1858848,28.52478]},"properties":{"name":"Qutub Minar Complex","historic":null,"heritage":null,"tourism":"attraction"}},{"type":"Feature","id":"w818709479","geometry":{"type":"Point","coordinates":[77.1845038,28.5240535]},"properties":{"name":"Alauddin Khalji's Tomb and Madrassa","historic":"tomb","heritage":null,"tourism":null}},{"type":"Feature","id":"w819046413","geometry":{"type":"Point","coordinates":[77.1817524,28.5586148]},"properties":{"name":"Tomb of Bijri Khan","historic":"tomb","heritage":null,"tourism":"attraction"}},{"type":"Feature","id":"w839844477","geometry":{"type":"Point","coordinates":[77.2330444,28.6127561]},"properties":{"name":"National War Memorial","historic":"memorial","heritage":null,"tourism":null}},{"type":"Feature","id":"w967618493","geometry":{"type":"Point","coordinates":[77.2411136,28.6570302]},"properties":{"name":"Red Fort Complex","historic":null,"heritage":"1","tourism":null}},{"type":"Feature","id":"w973075080","geometry":{"type":"Point","coordinates":[77.2441983,28.6093705]},"properties":{"name":null,"historic":"citywalls","heritage":null,"tourism":null}},{"type":"Feature","id":"w973075081","geometry":{"type":"Point","coordinates":[77.2441983,28.6093705]},"properties":{"name":"पुराना किला","historic":"castle","heritage":null,"tourism":"attraction"}},{"type":"Feature","id":"w973075861","geometry":{"type":"Point","coordinates":[77.2390366,28.6086877]},"properties":{"name":"Sher Shah Suri Gate","historic":"city_gate","heritage":null,"tourism":null}},{"type":"Feature","id":"w973075865","geometry":{"type":"Point","coordinates":[77.2390567,28.6086606]},"properties":{"name":null,"historic":"citywalls","heritage":null,"tourism":null}},{"type":"Feature","id":"w973077710","geometry":{"type":"Point","coordinates":[77.2425302,28.6608389]},"properties":{"name":null,"historic":"citywalls","heritage":null,"tourism":null}},{"type":"Feature","id":"w973086029","geometry":{"type":"Point","coordinates":[77.2394544,28.6583248]},"properties":{"name":null,"historic":"citywalls","heritage":null,"tourism":null}},{"type":"Feature","id":"w973086030","geometry":{"type":"Point","coordinates":[77.2433465,28.6524544]},"properties":{"name":null,"historic":"citywalls","heritage":null,"tourism":null}},{"type":"Feature","id":"w973086037","geometry":{"type":"Point","coordinates":[77.2308941,28.6679011]},"properties":{"name":null,"historic":"citywalls","heritage":null,"tourism":null}},{"type":"Feature","id":"w973086043","geometry":{"type":"Point","coordinates":[77.2200734,28.6647061]},"properties":{"name":null,"historic":"citywalls","heritage":null,"tourism":null}},{"type":"Feature","id":"w973086044","geometry":{"type":"Point","coordinates":[77.2390125,28.6611393]},"properties":{"name":null,"historic":"citywalls","heritage":null,"tourism":null}},{"type":"Feature","id":"w973086045","geometry":{"type":"Point","coordinates":[77.2381487,28.661753]},"properties":{"name":null,"historic":"citywalls","heritage":null,"tourism":null}},{"type":"Feature","id":"w973086046","geometry":{"type":"Point","coordinates":[77.2364576,28.6629239]},"properties":{"name":null,"historic":"citywalls","heritage":null,"tourism":null}},{"type":"Feature","id":"w973086047","geometry":{"type":"Point","coordinates":[77.2254566,28.6656763]},"properties":{"name":null,"historic":"citywalls","heritage":null,"tourism":null}},{"type":"Feature","id":"w973086048","geometry":{"type":"Point","coordinates":[77.2289045,28.6668246]},"properties":{"name":null,"historic":"citywalls","heritage":null,"tourism":null}},{"type":"Feature","id":"w973086049","geometry":{"type":"Point","coordinates":[77.224004,28.646253]},"properties":{"name":"Ajmeri Gate","historic":"city_gate","heritage":null,"tourism":"attraction"}},{"type":"Feature","id":"w973086050","geometry":{"type":"Point","coordinates":[77.224004,28.6462239]},"properties":{"name":null,"historic":"citywalls","heritage":null,"tourism":null}},{"type":"Feature","id":"w973086051","geometry":{"type":"Point","coordinates":[77.2326819,28.6422792]},"properties":{"name":null,"historic":"citywalls","heritage":null,"tourism":null}},{"type":"Feature","id":"w973086052","geometry":{"type":"Point","coordinates":[77.2405641,28.6411807]},"properties":{"name":null,"historic":"citywalls","heritage":null,"tourism":null}},{"type":"Feature","id":"w973086053","geometry":{"type":"Point","coordinates":[77.2326819,28.6422792]},"properties":{"name":"Turkman Gate","historic":"city_gate","heritage":null,"tourism":"attraction"}},{"type":"Feature","id":"w973086054","geometry":{"type":"Point","coordinates":[77.2405641,28.6411807]},"properties":{"name":"Delhi Gate","historic":"city_gate","heritage":null,"tourism":"attraction"}},{"type":"Feature","id":"w1024427218","geometry":{"type":"Point","coordinates":[77.2311367,28.6128408]},"properties":{"name":"Netaji Subhash Chandra Bose's canopy","historic":"monument","heritage":null,"tourism":null}},{"type":"Feature","id":"w1024434128","geometry":{"type":"Point","coordinates":[77.2330498,28.6127616]},"properties":{"name":"Amar Jawan Jyoti","historic":"memorial","heritage":null,"tourism":null}},{"type":"Feature","id":"w1024448928","geometry":{"type":"Point","coordinates":[77.1936683,28.6032514]},"properties":{"name":"Cenotaph","historic":"monument","heritage":null,"tourism":null}},{"type":"Feature","id":"w1026902501","geometry":{"type":"Point","coordinates":[77.233197,28.6123542]},"properties":{"name":null,"historic":"memorial","heritage":null,"tourism":null}},{"type":"Feature","id":"w1026902502","geometry":{"type":"Point","coordinates":[77.2328598,28.6123698]},"properties":{"name":null,"historic":"memorial","heritage":null,"tourism":null}},{"type":"Feature","id":"w1026902503","geometry":{"type":"Point","coordinates":[77.2326261,28.6125479]},"properties":{"name":null,"historic":"memorial","heritage":null,"tourism":null}},{"type":"Feature","id":"w1026902504","geometry":{"type":"Point","coordinates":[77.2334644,28.6125445]},"properties":{"name":null,"historic":"memorial","heritage":null,"tourism":null}},{"type":"Feature","id":"w1026902505","geometry":{"type":"Point","coordinates":[77.2326561,28.6129936]},"properties":{"name":null,"historic":"memorial","heritage":null,"tourism":null}},{"type":"Feature","id":"w1026902824","geometry":{"type":"Point","coordinates":[77.2329185,28.6131454]},"properties":{"name":null,"historic":"memorial","heritage":null,"tourism":null}},{"type":"Feature","id":"w1026902825","geometry":{"type":"Point","coordinates":[77.2332497,28.613126]},"properties":{"name":null,"historic":"memorial","heritage":null,"tourism":null}},{"type":"Feature","id":"w1026902826","geometry":{"type":"Point","coordinates":[77.2334908,28.6129058]},"properties":{"name":null,"historic":"memorial","heritage":null,"tourism":null}},{"type":"Feature","id":"w1035252065","geometry":{"type":"Point","coordinates":[77.2328735,28.6132655]},"properties":{"name":null,"historic":"memorial","heritage":null,"tourism":null}},{"type":"Feature","id":"w1035252066","geometry":{"type":"Point","coordinates":[77.2325499,28.6130769]},"properties":{"name":null,"historic":"memorial","heritage":null,"tourism":null}},{"type":"Feature","id":"w1035252067","geometry":{"type":"Point","coordinates":[77.2333138,28.61324]},"properties":{"name":null,"historic":"memorial","heritage":null,"tourism":null}},{"type":"Feature","id":"w1035252068","geometry":{"type":"Point","coordinates":[77.2336121,28.6129901]},"properties":{"name":null,"historic":"memorial","heritage":null,"tourism":null}},{"type":"Feature","id":"w1035252204","geometry":{"type":"Point","coordinates":[77.2332383,28.6122335]},"properties":{"name":null,"historic":"memorial","heritage":null,"tourism":null}},{"type":"Feature","id":"w1035252205","geometry":{"type":"Point","coordinates":[77.2335802,28.6124711]},"properties":{"name":null,"historic":"memorial","heritage":null,"tourism":null}},{"type":"Feature","id":"w1035252206","geometry":{"type":"Point","coordinates":[77.2328065,28.6122495]},"properties":{"name":null,"historic":"memorial","heritage":null,"tourism":null}},{"type":"Feature","id":"w1035252207","geometry":{"type":"Point","coordinates":[77.232511,28.612468]},"properties":{"name":null,"historic":"memorial","heritage":null,"tourism":null}},{"type":"Feature","id":"w1039497824","geometry":{"type":"Point","coordinates":[77.2965965,28.6137385]},"properties":{"name":"EOD Adventure Park","historic":null,"heritage":null,"tourism":"attraction"}},{"type":"Feature","id":"w1097644107","geometry":{"type":"Point","coordinates":[77.1984129,28.5561152]},"properties":{"name":null,"historic":"monument","heritage":null,"tourism":null}},{"type":"Feature","id":"w1119902151","geometry":{"type":"Point","coordinates":[77.2122626,28.5893607]},"properties":{"name":null,"historic":"city_gate","heritage":null,"tourism":null}},{"type":"Feature","id":"w1121647750","geometry":{"type":"Point","coordinates":[77.1981476,28.6418383]},"properties":{"name":"Fariha Jame Mosque","historic":null,"heritage":null,"tourism":"attraction"}},{"type":"Feature","id":"w1121872245","geometry":{"type":"Point","coordinates":[77.1851196,28.5252856]},"properties":{"name":null,"historic":"yes","heritage":null,"tourism":null}},{"type":"Feature","id":"w1123372345","geometry":{"type":"Point","coordinates":[77.2488706,28.5912008]},"properties":{"name":null,"historic":"city_gate","heritage":null,"tourism":null}},{"type":"Feature","id":"w1128026670","geometry":{"type":"Point","coordinates":[77.2451676,28.5991759]},"properties":{"name":"Azimganj Serai","historic":"ruins","heritage":null,"tourism":null}},{"type":"Feature","id":"w1137558567","geometry":{"type":"Point","coordinates":[77.2165261,28.6267717]},"properties":{"name":"Jai Prakash Yantra","historic":"monument","heritage":null,"tourism":null}},{"type":"Feature","id":"w1137558568","geometry":{"type":"Point","coordinates":[77.2167118,28.6267699]},"properties":{"name":"Jai Prakash Yantra","historic":"monument","heritage":null,"tourism":null}},{"type":"Feature","id":"w1137558570","geometry":{"type":"Point","coordinates":[77.2163747,28.6275919]},"properties":{"name":"Misra Yantra","historic":"monument","heritage":null,"tourism":null}},{"type":"Feature","id":"w1141999791","geometry":{"type":"Point","coordinates":[77.2324293,28.5950405]},"properties":{"name":null,"historic":"tomb","heritage":null,"tourism":null}},{"type":"Feature","id":"w1152735271","geometry":{"type":"Point","coordinates":[77.2388326,28.5924494]},"properties":{"name":"Gol Gumbad","historic":"tomb","heritage":null,"tourism":null}},{"type":"Feature","id":"w1173591534","geometry":{"type":"Point","coordinates":[77.1788404,28.5612045]},"properties":{"name":"Protected Monument","historic":"monument","heritage":null,"tourism":null}},{"type":"Feature","id":"w1174922273","geometry":{"type":"Point","coordinates":[77.2479474,28.5926029]},"properties":{"name":"Afsarwala's Tomb","historic":"archaeological_site","heritage":null,"tourism":null}},{"type":"Feature","id":"w1178553621","geometry":{"type":"Point","coordinates":[77.1633452,28.7426166]},"properties":{"name":"Peer Baba","historic":"wayside_shrine","heritage":null,"tourism":null}},{"type":"Feature","id":"w1215909941","geometry":{"type":"Point","coordinates":[77.2052259,28.548872]},"properties":{"name":null,"historic":"monument","heritage":null,"tourism":null}},{"type":"Feature","id":"w1215909948","geometry":{"type":"Point","coordinates":[77.2056407,28.5476837]},"properties":{"name":"Chor Minar","historic":null,"heritage":null,"tourism":"attraction"}},{"type":"Feature","id":"w1218426672","geometry":{"type":"Point","coordinates":[77.2038079,28.6162502]},"properties":{"name":"Uprashtrapati Bhavan","historic":"castle","heritage":null,"tourism":null}},{"type":"Feature","id":"w1256902981","geometry":{"type":"Point","coordinates":[77.2447101,28.6363062]},"properties":{"name":null,"historic":"ruins","heritage":null,"tourism":null}},{"type":"Feature","id":"w1256902982","geometry":{"type":"Point","coordinates":[77.2432714,28.6349015]},"properties":{"name":null,"historic":"ruins","heritage":null,"tourism":null}},{"type":"Feature","id":"w1267633674","geometry":{"type":"Point","coordinates":[77.1845556,28.5251747]},"properties":{"name":"Tomb of Shamsuddin Iltutmish","historic":"tomb","heritage":null,"tourism":null}},{"type":"Feature","id":"w1267633676","geometry":{"type":"Point","coordinates":[77.1858815,28.5242006]},"properties":{"name":"Tomb of Imam Zamin","historic":"tomb","heritage":null,"tourism":null}},{"type":"Feature","id":"w1303131408","geometry":{"type":"Point","coordinates":[77.1938736,28.5532849]},"properties":{"name":null,"historic":"ruins","heritage":null,"tourism":null}},{"type":"Feature","id":"w1303131410","geometry":{"type":"Point","coordinates":[77.1940595,28.5530898]},"properties":{"name":null,"historic":"ruins","heritage":null,"tourism":null}},{"type":"Feature","id":"w1303131411","geometry":{"type":"Point","coordinates":[77.1939398,28.5531345]},"properties":{"name":null,"historic":"ruins","heritage":null,"tourism":null}},{"type":"Feature","id":"w1303131412","geometry":{"type":"Point","coordinates":[77.1929924,28.5529775]},"properties":{"name":null,"historic":"ruins","heritage":null,"tourism":null}},{"type":"Feature","id":"w1303131413","geometry":{"type":"Point","coordinates":[77.1939817,28.5536458]},"properties":{"name":"Assembly Hall","historic":"ruins","heritage":null,"tourism":null}},{"type":"Feature","id":"w1303131414","geometry":{"type":"Point","coordinates":[77.1939345,28.5539688]},"properties":{"name":"Hauz Khas Medresse Mosque","historic":"ruins","heritage":null,"tourism":null}},{"type":"Feature","id":"w1327859455","geometry":{"type":"Point","coordinates":[77.1859684,28.5252245]},"properties":{"name":null,"historic":"yes","heritage":null,"tourism":null}},{"type":"Feature","id":"w1327864113","geometry":{"type":"Point","coordinates":[77.1816515,28.5208506]},"properties":{"name":"Gandhak Ki Baoli","historic":"monument","heritage":null,"tourism":null}},{"type":"Feature","id":"w1359085234","geometry":{"type":"Point","coordinates":[77.0440621,28.5997622]},"properties":{"name":"Baoli","historic":"archaeological_site","heritage":null,"tourism":null}},{"type":"Feature","id":"w1361098049","geometry":{"type":"Point","coordinates":[77.2418791,28.5913827]},"properties":{"name":"Nizamuddin Dargah Complex","historic":"monument","heritage":null,"tourism":null}},{"type":"Feature","id":"w1394167948","geometry":{"type":"Point","coordinates":[77.2382214,28.6003217]},"properties":{"name":"Lal Bangla Mausoleums","historic":"tomb","heritage":null,"tourism":"attraction"}},{"type":"Feature","id":"w1394471611","geometry":{"type":"Point","coordinates":[77.2360732,28.5950947]},"properties":{"name":null,"historic":"tomb","heritage":null,"tourism":"attraction"}},{"type":"Feature","id":"w1410331570","geometry":{"type":"Point","coordinates":[77.2181586,28.6879675]},"properties":{"name":"Flagstaff Tower","historic":"building","heritage":null,"tourism":null}},{"type":"Feature","id":"w1413438938","geometry":{"type":"Point","coordinates":[77.2306907,28.6705802]},"properties":{"name":"Shahi Masjid","historic":"building","heritage":null,"tourism":null}},{"type":"Feature","id":"w1413438940","geometry":{"type":"Point","coordinates":[77.2272091,28.6697663]},"properties":{"name":null,"historic":"building","heritage":null,"tourism":null}},{"type":"Feature","id":"w1413438945","geometry":{"type":"Point","coordinates":[77.2286036,28.6708643]},"properties":{"name":"Qudsia Darwaza","historic":"building","heritage":null,"tourism":null}},{"type":"Feature","id":"w1413438950","geometry":{"type":"Point","coordinates":[77.2297119,28.6705459]},"properties":{"name":null,"historic":"building","heritage":null,"tourism":null}},{"type":"Feature","id":"w1414233414","geometry":{"type":"Point","coordinates":[77.153994,28.7200683]},"properties":{"name":null,"historic":"building","heritage":null,"tourism":null}},{"type":"Feature","id":"w1414943639","geometry":{"type":"Point","coordinates":[77.1883957,28.5643284]},"properties":{"name":null,"historic":"memorial","heritage":null,"tourism":null}},{"type":"Feature","id":"w1414952265","geometry":{"type":"Point","coordinates":[77.1887981,28.5652022]},"properties":{"name":null,"historic":"memorial","heritage":null,"tourism":null}},{"type":"Feature","id":"w1425219683","geometry":{"type":"Point","coordinates":[77.1854587,28.5186705]},"properties":{"name":null,"historic":"monument","heritage":null,"tourism":null}},{"type":"Feature","id":"w1425219689","geometry":{"type":"Point","coordinates":[77.1813308,28.5222536]},"properties":{"name":null,"historic":"monument","heritage":null,"tourism":null}},{"type":"Feature","id":"w1425219690","geometry":{"type":"Point","coordinates":[77.1813283,28.5222557]},"properties":{"name":null,"historic":"monument","heritage":null,"tourism":null}},{"type":"Feature","id":"w1426174592","geometry":{"type":"Point","coordinates":[77.2053126,28.6726186]},"properties":{"name":"Dharamshala","historic":"building","heritage":null,"tourism":null}},{"type":"Feature","id":"w1448399385","geometry":{"type":"Point","coordinates":[77.2495043,28.6405986]},"properties":{"name":"Raj Ghat","historic":"monument","heritage":null,"tourism":null}},{"type":"Feature","id":"w1448399387","geometry":{"type":"Point","coordinates":[77.2528344,28.6395931]},"properties":{"name":"Kisan Ghat","historic":"monument","heritage":null,"tourism":null}},{"type":"Feature","id":"w1448399388","geometry":{"type":"Point","coordinates":[77.2503377,28.6428101]},"properties":{"name":"Veer Bhumi","historic":"monument","heritage":null,"tourism":null}},{"type":"Feature","id":"w1448399390","geometry":{"type":"Point","coordinates":[77.2489572,28.644072]},"properties":{"name":"Shakti Sthal","historic":"monument","heritage":null,"tourism":null}},{"type":"Feature","id":"w1448399391","geometry":{"type":"Point","coordinates":[77.248036,28.648842]},"properties":{"name":"Shantivan","historic":"monument","heritage":null,"tourism":null}},{"type":"Feature","id":"w1454838166","geometry":{"type":"Point","coordinates":[77.2365763,28.640507]},"properties":{"name":"Mahilla Haat","historic":null,"heritage":null,"tourism":"attraction"}},{"type":"Feature","id":"w1471998520","geometry":{"type":"Point","coordinates":[77.0308055,28.4782109]},"properties":{"name":"Sheetla Mata Mandir","historic":"temple","heritage":"3","tourism":null}},{"type":"Feature","id":"w1487074888","geometry":{"type":"Point","coordinates":[77.2158008,28.6860273]},"properties":{"name":null,"historic":"building","heritage":null,"tourism":null}},{"type":"Feature","id":"w1487074892","geometry":{"type":"Point","coordinates":[77.2152356,28.6815608]},"properties":{"name":"Chauburji Mosque","historic":"building","heritage":null,"tourism":null}},{"type":"Feature","id":"w1492564762","geometry":{"type":"Point","coordinates":[77.124713,28.6019105]},"properties":{"name":"Science park","historic":"monument","heritage":null,"tourism":null}},{"type":"Feature","id":"w1513777624","geometry":{"type":"Point","coordinates":[77.2345089,28.662137]},"properties":{"name":"Old Magazine Gate","historic":"fort","heritage":null,"tourism":null}},{"type":"Feature","id":"w1513777993","geometry":{"type":"Point","coordinates":[77.235538,28.6614523]},"properties":{"name":"Old Magazine Gate","historic":"fort","heritage":null,"tourism":null}},{"type":"Feature","id":"w1514695576","geometry":{"type":"Point","coordinates":[77.3241425,28.5641709]},"properties":{"name":null,"historic":"aircraft","heritage":null,"tourism":null}},{"type":"Feature","id":"w1523937943","geometry":{"type":"Point","coordinates":[77.1169766,28.5711988]},"properties":{"name":null,"historic":"aircraft","heritage":null,"tourism":null}},{"type":"Feature","id":"w1537377155","geometry":{"type":"Point","coordinates":[77.1942437,28.6872122]},"properties":{"name":"Tripolia Gate (North)","historic":"city_gate","heritage":null,"tourism":null}},{"type":"Feature","id":"r2914318","geometry":{"type":"Point","coordinates":[77.2486511,28.5929627]},"properties":{"name":"Humayun's Tomb Complex","historic":null,"heritage":null,"tourism":"attraction"}},{"type":"Feature","id":"r3926057","geometry":{"type":"Point","coordinates":[77.2334669,28.6506864]},"properties":{"name":"Jama Masjid","historic":null,"heritage":null,"tourism":"attraction"}},{"type":"Feature","id":"r5354966","geometry":{"type":"Point","coordinates":[77.1995283,28.6143716]},"properties":{"name":"Rashtrapati Bhavan","historic":"castle","heritage":null,"tourism":"attraction"}},{"type":"Feature","id":"r8291341","geometry":{"type":"Point","coordinates":[77.219756,28.5314588]},"properties":{"name":"Khirki Masjid","historic":"ruins","heritage":null,"tourism":"attraction"}},{"type":"Feature","id":"r13089610","geometry":{"type":"Point","coordinates":[77.2327575,28.6545883]},"properties":{"name":"Shahjahanabad","historic":"city","heritage":null,"tourism":null}}]}
